transition,image_group,image_idx_original,image_idx_within_group,neuron_idx,image_type,stage,response
act,all,1,1,1,Full,Pre,0.0999799443326596
act,all,1,1,2,Full,Pre,1.2524894840294
act,all,1,1,3,Full,Pre,0.898214155058106
act,all,1,1,4,Full,Pre,3.31649740843939
act,all,1,1,5,Full,Pre,0.303122051520594
act,all,1,1,6,Full,Pre,0.192648197264105
act,all,1,1,7,Full,Pre,2.0468239593838
act,all,1,1,8,Full,Pre,2.45962197381198
act,all,1,1,9,Full,Pre,0.43596490960356
act,all,1,1,10,Full,Pre,1.21697391093681
act,all,1,1,11,Full,Pre,1.59962953020943
act,all,1,1,12,Full,Pre,1.36224706083884
act,all,1,1,13,Full,Pre,0.4343085395461
act,all,1,1,14,Full,Pre,-0.31481411916115
act,all,1,1,15,Full,Pre,0.0172934976845491
act,all,1,1,16,Full,Pre,-0.254646909846901
act,all,1,1,17,Full,Pre,-0.451386641628786
act,all,1,1,18,Full,Pre,-0.02823430596776
act,all,1,1,19,Full,Pre,-0.137965981045119
act,all,1,1,20,Full,Pre,-0.607618433485469
act,all,1,1,21,Full,Pre,0.500054729174973
act,all,1,1,22,Full,Pre,-0.147220462915084
act,all,1,1,23,Full,Pre,0.0377872560796764
act,all,1,1,24,Full,Pre,0.164284614521325
act,all,1,1,25,Full,Pre,-0.117586806639852
act,all,1,1,26,Full,Pre,1.21751822042445
act,all,1,1,27,Full,Pre,0.0263486461219389
act,all,1,1,28,Full,Pre,-0.261278272446259
act,all,1,1,29,Full,Pre,0.583058408721656
act,all,1,1,30,Full,Pre,0.541061026356955
act,all,1,1,31,Full,Pre,-0.292125057474502
act,all,1,1,32,Full,Pre,0.316236845099079
act,all,1,1,33,Full,Pre,0.171902881830557
act,all,1,1,34,Full,Pre,-0.121486563223222
act,all,1,1,35,Full,Pre,-0.408896598037074
act,all,1,1,36,Full,Pre,1.11852942995125
act,all,1,1,37,Full,Pre,0.32661936654945
act,all,1,1,38,Full,Pre,-0.03406434665587
act,all,1,1,39,Full,Pre,0.0432191472210734
act,all,1,1,40,Full,Pre,0.071667009405599
act,all,1,1,41,Full,Pre,0.294382750318996
act,all,1,1,42,Full,Pre,0.0201688091232652
act,all,1,1,43,Full,Pre,0.290888312679536
act,all,1,1,44,Full,Pre,3.538198625622
act,all,1,1,45,Full,Pre,-0.118054026256207
act,all,1,1,46,Full,Pre,0.224228324093889
act,all,1,1,47,Full,Pre,0.187058615781957
act,all,1,1,48,Full,Pre,-0.00861088088660786
act,all,1,1,49,Full,Pre,-0.186468440575027
act,all,1,1,50,Full,Pre,-0.0169776028336538
act,all,1,1,51,Full,Pre,0.189766666411839
act,all,1,1,52,Full,Pre,0.482763090159677
act,all,1,1,53,Full,Pre,0.116939217597286
act,all,1,1,54,Full,Pre,1.0789336500366
act,all,1,1,55,Full,Pre,0.191880712939436
act,all,1,1,56,Full,Pre,0.012642875577646
act,all,1,1,57,Full,Pre,0.00545742942248975
act,all,1,1,58,Full,Pre,0.547412404796032
act,all,1,1,59,Full,Pre,0.314433358872651
act,all,1,1,60,Full,Pre,0.296155473350206
act,all,1,1,61,Full,Pre,-0.0160845148880612
act,all,1,1,62,Full,Pre,0.0482570648526466
act,all,1,1,63,Full,Pre,0.0176424544478526
act,all,1,1,64,Full,Pre,0.0200054239965715
act,all,1,1,65,Full,Pre,0.708761623087305
act,all,1,1,66,Full,Pre,0.0959683403343483
act,all,1,1,67,Full,Pre,0.228503685719595
act,all,1,1,68,Full,Pre,0.173684397428429
act,all,1,1,69,Full,Pre,0.321557932441356
act,all,1,1,70,Full,Pre,-0.0529345163469893
act,all,1,1,71,Full,Pre,0.115261094279478
act,all,1,1,72,Full,Pre,0.323865313030259
act,all,1,1,73,Full,Pre,0.769455533061919
act,all,1,1,74,Full,Pre,0.824352168991285
act,all,1,1,75,Full,Pre,-0.0174993069676428
act,all,1,1,76,Full,Pre,-0.117186529029391
act,all,1,1,77,Full,Pre,-0.0399688799833313
act,all,1,1,78,Full,Pre,0.108786568764013
act,all,1,1,79,Full,Pre,-0.0769542235455097
act,all,1,1,80,Full,Pre,0.625545196257523
act,all,1,1,81,Full,Pre,1.62287045898085
act,all,1,1,82,Full,Pre,0.790139046396309
act,all,1,1,83,Full,Pre,-0.248428857731608
act,all,1,1,84,Full,Pre,0.831591602718924
act,all,1,1,85,Full,Pre,0.157615264405893
act,all,1,1,86,Full,Pre,0.398132830187859
act,all,1,1,87,Full,Pre,0.611702800817468
act,all,1,1,88,Full,Pre,-0.73421960294299
act,all,1,1,89,Full,Pre,-0.404124390870333
act,all,1,1,90,Full,Pre,0.080032697253523
act,all,1,1,91,Full,Pre,0.518454961284272
act,all,1,1,92,Full,Pre,0.799577817525647
act,all,1,1,93,Full,Pre,0.21412081199388
act,all,1,1,94,Full,Pre,-0.261603262064205
act,all,1,1,95,Full,Pre,0.187581586406007
act,all,1,1,96,Full,Pre,-0.213781935684459
act,all,1,1,97,Full,Pre,0.230347534699975
act,all,1,1,98,Full,Pre,0.135345278063077
act,all,1,1,99,Full,Pre,0.125229342690782
act,all,1,1,100,Full,Pre,0.355268317823254
act,all,1,1,101,Full,Pre,0.261284753774585
act,all,1,1,102,Full,Pre,0.23802316392311
act,all,1,1,103,Full,Pre,0.349228999009912
act,all,1,1,104,Full,Pre,0.411618373881203
act,all,1,1,105,Full,Pre,0.0514309016908409
act,all,1,1,106,Full,Pre,0.516485997626609
act,all,1,1,107,Full,Pre,0.125742599816202
act,all,1,1,108,Full,Pre,1.64491173081716
act,all,1,1,109,Full,Pre,0.792898400157861
act,all,1,1,110,Full,Pre,0.922360243683232
act,all,2,2,1,Full,Pre,0.181006123820996
act,all,2,2,2,Full,Pre,0.147830340146495
act,all,2,2,3,Full,Pre,0.18583707398944
act,all,2,2,4,Full,Pre,1.67498015494455
act,all,2,2,5,Full,Pre,0.75598910133742
act,all,2,2,6,Full,Pre,0.318330535887822
act,all,2,2,7,Full,Pre,0.585367821195661
act,all,2,2,8,Full,Pre,2.69031470918516
act,all,2,2,9,Full,Pre,4.26768762381257
act,all,2,2,10,Full,Pre,-0.012251574534453
act,all,2,2,11,Full,Pre,0.055330815720372
act,all,2,2,12,Full,Pre,0.00292037900874217
act,all,2,2,13,Full,Pre,2.6420580211908
act,all,2,2,14,Full,Pre,-0.0959056689725597
act,all,2,2,15,Full,Pre,0.013684557475433
act,all,2,2,16,Full,Pre,-0.0643659686186542
act,all,2,2,17,Full,Pre,0.15492309299535
act,all,2,2,18,Full,Pre,0.135518239547545
act,all,2,2,19,Full,Pre,-0.0699228746648399
act,all,2,2,20,Full,Pre,-0.184116499293355
act,all,2,2,21,Full,Pre,2.38034673633982
act,all,2,2,22,Full,Pre,-0.29613393170008
act,all,2,2,23,Full,Pre,0.0261021189790911
act,all,2,2,24,Full,Pre,0.179933681182014
act,all,2,2,25,Full,Pre,-0.127029801789535
act,all,2,2,26,Full,Pre,3.97100264460289
act,all,2,2,27,Full,Pre,-0.168636932268779
act,all,2,2,28,Full,Pre,-0.0566787213549599
act,all,2,2,29,Full,Pre,2.94757286235493
act,all,2,2,30,Full,Pre,0.411047975215298
act,all,2,2,31,Full,Pre,-0.295328835777845
act,all,2,2,32,Full,Pre,0.33307416038808
act,all,2,2,33,Full,Pre,0.168431179766163
act,all,2,2,34,Full,Pre,0.0179630816069898
act,all,2,2,35,Full,Pre,0.00700064027563499
act,all,2,2,36,Full,Pre,0.381645236685452
act,all,2,2,37,Full,Pre,1.01690923388207
act,all,2,2,38,Full,Pre,0.145401545130955
act,all,2,2,39,Full,Pre,0.127893085420126
act,all,2,2,40,Full,Pre,0.210690108968245
act,all,2,2,41,Full,Pre,0.209516413183295
act,all,2,2,42,Full,Pre,-0.364170446953207
act,all,2,2,43,Full,Pre,0.261082916151146
act,all,2,2,44,Full,Pre,0.214165171179394
act,all,2,2,45,Full,Pre,0.179743220380673
act,all,2,2,46,Full,Pre,0.067127015385413
act,all,2,2,47,Full,Pre,0.0631860491077973
act,all,2,2,48,Full,Pre,-0.077789949442828
act,all,2,2,49,Full,Pre,-0.230550661975788
act,all,2,2,50,Full,Pre,-0.0847351469595118
act,all,2,2,51,Full,Pre,0.0843635016072062
act,all,2,2,52,Full,Pre,0.767030816257246
act,all,2,2,53,Full,Pre,-0.186123555835143
act,all,2,2,54,Full,Pre,-0.0399280720475588
act,all,2,2,55,Full,Pre,1.33255111378168
act,all,2,2,56,Full,Pre,0.504399110833416
act,all,2,2,57,Full,Pre,0.167457102613303
act,all,2,2,58,Full,Pre,0.473463959672337
act,all,2,2,59,Full,Pre,0.0140657630846507
act,all,2,2,60,Full,Pre,0.741812137636653
act,all,2,2,61,Full,Pre,0.443621393061868
act,all,2,2,62,Full,Pre,-0.0369693847104686
act,all,2,2,63,Full,Pre,0.0757978973953923
act,all,2,2,64,Full,Pre,0.693623883792973
act,all,2,2,65,Full,Pre,0.987937308874594
act,all,2,2,66,Full,Pre,0.451829110284269
act,all,2,2,67,Full,Pre,0.227917626077264
act,all,2,2,68,Full,Pre,0.0995151716011347
act,all,2,2,69,Full,Pre,0.801799948906477
act,all,2,2,70,Full,Pre,-0.0956420716425128
act,all,2,2,71,Full,Pre,-0.31646119422404
act,all,2,2,72,Full,Pre,2.9749478527201
act,all,2,2,73,Full,Pre,0.518471581740925
act,all,2,2,74,Full,Pre,0.400423938663479
act,all,2,2,75,Full,Pre,-0.183489589170415
act,all,2,2,76,Full,Pre,-0.769043123912061
act,all,2,2,77,Full,Pre,0.462013494965366
act,all,2,2,78,Full,Pre,0.315933952310074
act,all,2,2,79,Full,Pre,0.0416654924705717
act,all,2,2,80,Full,Pre,2.54097779055685
act,all,2,2,81,Full,Pre,1.73000461842613
act,all,2,2,82,Full,Pre,0.881441758831893
act,all,2,2,83,Full,Pre,0.156319038807713
act,all,2,2,84,Full,Pre,1.67399392178838
act,all,2,2,85,Full,Pre,0.442845965358569
act,all,2,2,86,Full,Pre,0.653543658695123
act,all,2,2,87,Full,Pre,0.138715139865249
act,all,2,2,88,Full,Pre,-0.155085082129184
act,all,2,2,89,Full,Pre,0.10454142174352
act,all,2,2,90,Full,Pre,5.40810455586613
act,all,2,2,91,Full,Pre,3.91310332618674
act,all,2,2,92,Full,Pre,2.28329753788563
act,all,2,2,93,Full,Pre,-0.414673885997507
act,all,2,2,94,Full,Pre,0.131892527816664
act,all,2,2,95,Full,Pre,0.254800317887068
act,all,2,2,96,Full,Pre,-0.121711262916087
act,all,2,2,97,Full,Pre,0.22644351079736
act,all,2,2,98,Full,Pre,0.72300205075646
act,all,2,2,99,Full,Pre,0.0118648755946002
act,all,2,2,100,Full,Pre,0.239535719960876
act,all,2,2,101,Full,Pre,0.481537968477388
act,all,2,2,102,Full,Pre,0.21294571738388
act,all,2,2,103,Full,Pre,-0.236210400198346
act,all,2,2,104,Full,Pre,3.52609314948455
act,all,2,2,105,Full,Pre,0.0907382462566223
act,all,2,2,106,Full,Pre,2.76833101989502
act,all,2,2,107,Full,Pre,3.20869046803558
act,all,2,2,108,Full,Pre,1.09585890370055
act,all,2,2,109,Full,Pre,0.35277002163104
act,all,2,2,110,Full,Pre,1.34205622568148
act,all,3,3,1,Full,Pre,0.333669309563325
act,all,3,3,2,Full,Pre,1.63910090674824
act,all,3,3,3,Full,Pre,0.759157109855146
act,all,3,3,4,Full,Pre,3.28466465602429
act,all,3,3,5,Full,Pre,0.408658060682041
act,all,3,3,6,Full,Pre,0.248345108455236
act,all,3,3,7,Full,Pre,1.24896795158436
act,all,3,3,8,Full,Pre,1.13606088853808
act,all,3,3,9,Full,Pre,0.881172125370663
act,all,3,3,10,Full,Pre,0.329805853230075
act,all,3,3,11,Full,Pre,0.0310766959528899
act,all,3,3,12,Full,Pre,2.61242346761178
act,all,3,3,13,Full,Pre,0.641813221164298
act,all,3,3,14,Full,Pre,-0.210245699911022
act,all,3,3,15,Full,Pre,-0.176222877920532
act,all,3,3,16,Full,Pre,-0.319371852362736
act,all,3,3,17,Full,Pre,-0.0392218346813781
act,all,3,3,18,Full,Pre,-0.0118992132832184
act,all,3,3,19,Full,Pre,0.243973501288139
act,all,3,3,20,Full,Pre,0.0869990640023827
act,all,3,3,21,Full,Pre,0.417735594647969
act,all,3,3,22,Full,Pre,-0.103611877022291
act,all,3,3,23,Full,Pre,-0.0127917307790165
act,all,3,3,24,Full,Pre,0.0464604671968041
act,all,3,3,25,Full,Pre,0.347138284878376
act,all,3,3,26,Full,Pre,1.29482944226171
act,all,3,3,27,Full,Pre,-0.0401936416267646
act,all,3,3,28,Full,Pre,-0.107966788673463
act,all,3,3,29,Full,Pre,0.35608081315186
act,all,3,3,30,Full,Pre,0.907911517924034
act,all,3,3,31,Full,Pre,-0.0120988707228298
act,all,3,3,32,Full,Pre,0.603372286080899
act,all,3,3,33,Full,Pre,0.288813880163636
act,all,3,3,34,Full,Pre,-0.0610539285264998
act,all,3,3,35,Full,Pre,-0.0256635381455617
act,all,3,3,36,Full,Pre,1.43201588527606
act,all,3,3,37,Full,Pre,0.530818045171127
act,all,3,3,38,Full,Pre,0.237122691353444
act,all,3,3,39,Full,Pre,-0.386052954097737
act,all,3,3,40,Full,Pre,0.940753556653378
act,all,3,3,41,Full,Pre,1.10943398292848
act,all,3,3,42,Full,Pre,0.0100363573112111
act,all,3,3,43,Full,Pre,0.562143689554192
act,all,3,3,44,Full,Pre,1.05199244838678
act,all,3,3,45,Full,Pre,0.159319928880905
act,all,3,3,46,Full,Pre,0.0672371796998613
act,all,3,3,47,Full,Pre,0.252083503081313
act,all,3,3,48,Full,Pre,-0.141649485755703
act,all,3,3,49,Full,Pre,-0.19514159736422
act,all,3,3,50,Full,Pre,0.0118017856951967
act,all,3,3,51,Full,Pre,-0.172813819829036
act,all,3,3,52,Full,Pre,0.863708748344881
act,all,3,3,53,Full,Pre,0.00879938217791609
act,all,3,3,54,Full,Pre,1.03064412082159
act,all,3,3,55,Full,Pre,0.362037727405598
act,all,3,3,56,Full,Pre,0.376812729107267
act,all,3,3,57,Full,Pre,0.0814958123508753
act,all,3,3,58,Full,Pre,0.676869179091581
act,all,3,3,59,Full,Pre,-0.110018111809887
act,all,3,3,60,Full,Pre,0.119252250487233
act,all,3,3,61,Full,Pre,-0.078287732766565
act,all,3,3,62,Full,Pre,-0.363591951153991
act,all,3,3,63,Full,Pre,0.126570558513558
act,all,3,3,64,Full,Pre,-0.177111612503136
act,all,3,3,65,Full,Pre,0.627821496186765
act,all,3,3,66,Full,Pre,-0.0439017540834023
act,all,3,3,67,Full,Pre,0.856113687255615
act,all,3,3,68,Full,Pre,0.0654003245501711
act,all,3,3,69,Full,Pre,0.413908336856149
act,all,3,3,70,Full,Pre,0.547381038950364
act,all,3,3,71,Full,Pre,-0.0491138522138045
act,all,3,3,72,Full,Pre,0.210464363672111
act,all,3,3,73,Full,Pre,0.331829496630092
act,all,3,3,74,Full,Pre,0.287211836204205
act,all,3,3,75,Full,Pre,0.118102977933778
act,all,3,3,76,Full,Pre,-0.515918428977244
act,all,3,3,77,Full,Pre,0.309607552942126
act,all,3,3,78,Full,Pre,-0.084188979677656
act,all,3,3,79,Full,Pre,0.0172078865611224
act,all,3,3,80,Full,Pre,1.03506862644482
act,all,3,3,81,Full,Pre,0.424016754097336
act,all,3,3,82,Full,Pre,5.229233167805
act,all,3,3,83,Full,Pre,-0.0920893784427259
act,all,3,3,84,Full,Pre,3.10580081083488
act,all,3,3,85,Full,Pre,0.395304394780687
act,all,3,3,86,Full,Pre,1.40583522724728
act,all,3,3,87,Full,Pre,-0.238739065442026
act,all,3,3,88,Full,Pre,-0.36659476375935
act,all,3,3,89,Full,Pre,-0.180802273534641
act,all,3,3,90,Full,Pre,0.127375379739319
act,all,3,3,91,Full,Pre,1.26778832708272
act,all,3,3,92,Full,Pre,0.49392445675337
act,all,3,3,93,Full,Pre,-0.334353586627054
act,all,3,3,94,Full,Pre,-0.320686857942901
act,all,3,3,95,Full,Pre,0.8975877633393
act,all,3,3,96,Full,Pre,0.0356564918222849
act,all,3,3,97,Full,Pre,0.171654209758112
act,all,3,3,98,Full,Pre,0.210437152677042
act,all,3,3,99,Full,Pre,-0.0387899878283616
act,all,3,3,100,Full,Pre,0.147719146312968
act,all,3,3,101,Full,Pre,1.79745690621379
act,all,3,3,102,Full,Pre,0.0807875517615602
act,all,3,3,103,Full,Pre,0.72752004907709
act,all,3,3,104,Full,Pre,1.63762656077467
act,all,3,3,105,Full,Pre,0.00561212823497115
act,all,3,3,106,Full,Pre,0.293675201376151
act,all,3,3,107,Full,Pre,0.269734450485465
act,all,3,3,108,Full,Pre,2.15465406257226
act,all,3,3,109,Full,Pre,2.48093642535942
act,all,3,3,110,Full,Pre,0.764836208296473
act,all,4,4,1,Full,Pre,1.0591380000589
act,all,4,4,2,Full,Pre,0.158231657971322
act,all,4,4,3,Full,Pre,0.270285841141697
act,all,4,4,4,Full,Pre,1.64256798843801
act,all,4,4,5,Full,Pre,0.816547038026006
act,all,4,4,6,Full,Pre,0.514412672686504
act,all,4,4,7,Full,Pre,0.43773455422645
act,all,4,4,8,Full,Pre,1.32742036114658
act,all,4,4,9,Full,Pre,3.28000966606452
act,all,4,4,10,Full,Pre,-0.131223610986418
act,all,4,4,11,Full,Pre,0.127276754323059
act,all,4,4,12,Full,Pre,0.117028250094886
act,all,4,4,13,Full,Pre,4.64691918730441
act,all,4,4,14,Full,Pre,-0.223529773574927
act,all,4,4,15,Full,Pre,-0.0620511369843591
act,all,4,4,16,Full,Pre,-0.116252608185621
act,all,4,4,17,Full,Pre,0.042525354186339
act,all,4,4,18,Full,Pre,0.281415808001069
act,all,4,4,19,Full,Pre,-0.165864353188993
act,all,4,4,20,Full,Pre,-0.164260481832241
act,all,4,4,21,Full,Pre,1.40112145818935
act,all,4,4,22,Full,Pre,-0.290840037261541
act,all,4,4,23,Full,Pre,0.358296275760102
act,all,4,4,24,Full,Pre,-0.0478823187190657
act,all,4,4,25,Full,Pre,-0.15141456548809
act,all,4,4,26,Full,Pre,0.618165902501352
act,all,4,4,27,Full,Pre,0.201369394691489
act,all,4,4,28,Full,Pre,-0.251837887325577
act,all,4,4,29,Full,Pre,0.636255616433525
act,all,4,4,30,Full,Pre,-0.00518639953098748
act,all,4,4,31,Full,Pre,-0.343196072071385
act,all,4,4,32,Full,Pre,0.430047974439931
act,all,4,4,33,Full,Pre,0.189814902436001
act,all,4,4,34,Full,Pre,0.0312985461753424
act,all,4,4,35,Full,Pre,0.136121146890632
act,all,4,4,36,Full,Pre,0.395546033519996
act,all,4,4,37,Full,Pre,0.142378955288567
act,all,4,4,38,Full,Pre,0.211065980344484
act,all,4,4,39,Full,Pre,0.106100879591438
act,all,4,4,40,Full,Pre,0.373589163965944
act,all,4,4,41,Full,Pre,0.0247508159342324
act,all,4,4,42,Full,Pre,-0.0185143988562816
act,all,4,4,43,Full,Pre,0.67914209527461
act,all,4,4,44,Full,Pre,0.11290755806248
act,all,4,4,45,Full,Pre,-0.055369941396328
act,all,4,4,46,Full,Pre,-0.0364692366932153
act,all,4,4,47,Full,Pre,0.116614930381061
act,all,4,4,48,Full,Pre,-0.116510488290864
act,all,4,4,49,Full,Pre,-0.324179403666805
act,all,4,4,50,Full,Pre,0.0274952052700096
act,all,4,4,51,Full,Pre,0.0113547823242199
act,all,4,4,52,Full,Pre,0.168209370705867
act,all,4,4,53,Full,Pre,-0.363632812194561
act,all,4,4,54,Full,Pre,0.0194800742907293
act,all,4,4,55,Full,Pre,0.326213295556022
act,all,4,4,56,Full,Pre,1.15371139120154
act,all,4,4,57,Full,Pre,0.260562084050298
act,all,4,4,58,Full,Pre,0.395734785433854
act,all,4,4,59,Full,Pre,0.287942783207191
act,all,4,4,60,Full,Pre,0.36808345365567
act,all,4,4,61,Full,Pre,0.0192558476957003
act,all,4,4,62,Full,Pre,-0.362844842974568
act,all,4,4,63,Full,Pre,0.115791552986448
act,all,4,4,64,Full,Pre,0.190615609528944
act,all,4,4,65,Full,Pre,1.42096391467572
act,all,4,4,66,Full,Pre,0.254504145416812
act,all,4,4,67,Full,Pre,1.20964611337409
act,all,4,4,68,Full,Pre,0.454116263733317
act,all,4,4,69,Full,Pre,0.657306847480821
act,all,4,4,70,Full,Pre,0.0228452753366825
act,all,4,4,71,Full,Pre,-0.374482568454468
act,all,4,4,72,Full,Pre,0.513691311601952
act,all,4,4,73,Full,Pre,0.504264420613093
act,all,4,4,74,Full,Pre,-0.0779286376768611
act,all,4,4,75,Full,Pre,-0.260601049690954
act,all,4,4,76,Full,Pre,-0.750758205592629
act,all,4,4,77,Full,Pre,0.629515062699475
act,all,4,4,78,Full,Pre,0.733534187701355
act,all,4,4,79,Full,Pre,0.05632629856452
act,all,4,4,80,Full,Pre,2.85407372941539
act,all,4,4,81,Full,Pre,0.309217998334037
act,all,4,4,82,Full,Pre,0.666437390067421
act,all,4,4,83,Full,Pre,-0.272212404676259
act,all,4,4,84,Full,Pre,2.98909824333739
act,all,4,4,85,Full,Pre,0.667447234851738
act,all,4,4,86,Full,Pre,0.777490517118255
act,all,4,4,87,Full,Pre,0.213340836554822
act,all,4,4,88,Full,Pre,-0.360639525040603
act,all,4,4,89,Full,Pre,0.0849503252216827
act,all,4,4,90,Full,Pre,0.0167440508312355
act,all,4,4,91,Full,Pre,1.52926737794524
act,all,4,4,92,Full,Pre,1.43538241588469
act,all,4,4,93,Full,Pre,0.302979168650193
act,all,4,4,94,Full,Pre,-0.0413441345364429
act,all,4,4,95,Full,Pre,0.179298225235233
act,all,4,4,96,Full,Pre,-0.471404603672438
act,all,4,4,97,Full,Pre,0.215215316242384
act,all,4,4,98,Full,Pre,0.891632620965521
act,all,4,4,99,Full,Pre,0.148120848690134
act,all,4,4,100,Full,Pre,0.736763564217773
act,all,4,4,101,Full,Pre,-0.0870106208574284
act,all,4,4,102,Full,Pre,-0.0268658920043537
act,all,4,4,103,Full,Pre,0.343211827927191
act,all,4,4,104,Full,Pre,0.457315723379113
act,all,4,4,105,Full,Pre,3.33656031751316
act,all,4,4,106,Full,Pre,2.98961320515005
act,all,4,4,107,Full,Pre,0.232900584327371
act,all,4,4,108,Full,Pre,0.744299609912297
act,all,4,4,109,Full,Pre,0.31721370964854
act,all,4,4,110,Full,Pre,-0.0125397752413828
act,all,1,1,1,Full,Task,-0.17120636869806
act,all,1,1,2,Full,Task,-0.222625388812801
act,all,1,1,3,Full,Task,-0.0102533687573828
act,all,1,1,4,Full,Task,2.56766045208667
act,all,1,1,5,Full,Task,0.00100591465337213
act,all,1,1,6,Full,Task,2.10633891150856
act,all,1,1,7,Full,Task,1.91287149879788
act,all,1,1,8,Full,Task,0.200609288665454
act,all,1,1,9,Full,Task,0.742831933482154
act,all,1,1,10,Full,Task,-0.316698053662086
act,all,1,1,11,Full,Task,0.0864712904184567
act,all,1,1,12,Full,Task,2.26670907937243
act,all,1,1,13,Full,Task,0.111937097746967
act,all,1,1,14,Full,Task,-0.516454681862385
act,all,1,1,15,Full,Task,0.0852044568981819
act,all,1,1,16,Full,Task,-0.0837991903143965
act,all,1,1,17,Full,Task,-0.023915318567667
act,all,1,1,18,Full,Task,-0.259929131513269
act,all,1,1,19,Full,Task,0.0351581460317092
act,all,1,1,20,Full,Task,0.0469135330370844
act,all,1,1,21,Full,Task,0.43987485643882
act,all,1,1,22,Full,Task,-0.0322367905902615
act,all,1,1,23,Full,Task,0.793714779044363
act,all,1,1,24,Full,Task,0.145618844606289
act,all,1,1,25,Full,Task,0.458181057246515
act,all,1,1,26,Full,Task,0.0776911038059757
act,all,1,1,27,Full,Task,-0.119096177943279
act,all,1,1,28,Full,Task,-0.290065864894486
act,all,1,1,29,Full,Task,0.239824528132605
act,all,1,1,30,Full,Task,0.107486880081276
act,all,1,1,31,Full,Task,-0.11687955146228
act,all,1,1,32,Full,Task,-0.0644003867542493
act,all,1,1,33,Full,Task,-0.37641019900962
act,all,1,1,34,Full,Task,0.0619587173540802
act,all,1,1,35,Full,Task,0.171228020699061
act,all,1,1,36,Full,Task,2.76201915706354
act,all,1,1,37,Full,Task,-0.616724384764918
act,all,1,1,38,Full,Task,-0.226588438632562
act,all,1,1,39,Full,Task,-0.276108110098647
act,all,1,1,40,Full,Task,0.23551316439683
act,all,1,1,41,Full,Task,0.269036118048744
act,all,1,1,42,Full,Task,0.0031406284335895
act,all,1,1,43,Full,Task,-0.0605551251060699
act,all,1,1,44,Full,Task,2.1340544539108
act,all,1,1,45,Full,Task,0.252446452624498
act,all,1,1,46,Full,Task,0.465032680836096
act,all,1,1,47,Full,Task,0.229664236127319
act,all,1,1,48,Full,Task,0.294172150884171
act,all,1,1,49,Full,Task,-0.299073165412399
act,all,1,1,50,Full,Task,0.00362868051391305
act,all,1,1,51,Full,Task,-0.0704583203951769
act,all,1,1,52,Full,Task,0.174848069298276
act,all,1,1,53,Full,Task,-0.0381952041726952
act,all,1,1,54,Full,Task,0.0160384300947816
act,all,1,1,55,Full,Task,0.0157554798855343
act,all,1,1,56,Full,Task,0.383024987588308
act,all,1,1,57,Full,Task,0.282864864165023
act,all,1,1,58,Full,Task,1.26148239976771
act,all,1,1,59,Full,Task,0.0257415526780691
act,all,1,1,60,Full,Task,1.09920724645398
act,all,1,1,61,Full,Task,-0.00320947681703021
act,all,1,1,62,Full,Task,-0.314081772123262
act,all,1,1,63,Full,Task,0.010537023342849
act,all,1,1,64,Full,Task,0.0399614159353004
act,all,1,1,65,Full,Task,0.129569665252246
act,all,1,1,66,Full,Task,-0.20443034243084
act,all,1,1,67,Full,Task,-0.0226812385181962
act,all,1,1,68,Full,Task,0.118837439972338
act,all,1,1,69,Full,Task,0.303056796971842
act,all,1,1,70,Full,Task,0.0996511162265473
act,all,1,1,71,Full,Task,0.0389062837002002
act,all,1,1,72,Full,Task,-0.35870493020582
act,all,1,1,73,Full,Task,0.330723842519881
act,all,1,1,74,Full,Task,-0.122347388694294
act,all,1,1,75,Full,Task,0.0569081506709639
act,all,1,1,76,Full,Task,-0.0784123392542326
act,all,1,1,77,Full,Task,0.31189666242328
act,all,1,1,78,Full,Task,0.0372901635101932
act,all,1,1,79,Full,Task,-0.357662817517955
act,all,1,1,80,Full,Task,0.174907535372231
act,all,1,1,81,Full,Task,-0.0250543309511971
act,all,1,1,82,Full,Task,0.8833130336812
act,all,1,1,83,Full,Task,-0.133175531432069
act,all,1,1,84,Full,Task,0.15017321481877
act,all,1,1,85,Full,Task,-0.107243369207092
act,all,1,1,86,Full,Task,0.412472798082461
act,all,1,1,87,Full,Task,-0.174189236549475
act,all,1,1,88,Full,Task,-0.134278820474659
act,all,1,1,89,Full,Task,-0.0855117302972798
act,all,1,1,90,Full,Task,0.522341775089027
act,all,1,1,91,Full,Task,-0.0622057842706962
act,all,1,1,92,Full,Task,-0.013735382094371
act,all,1,1,93,Full,Task,0.0636931946596754
act,all,1,1,94,Full,Task,0.452333759445341
act,all,1,1,95,Full,Task,-0.59385253643843
act,all,1,1,96,Full,Task,0.00658706213254079
act,all,1,1,97,Full,Task,0.117420955296742
act,all,1,1,98,Full,Task,0.218331815063857
act,all,1,1,99,Full,Task,0.11166982849645
act,all,1,1,100,Full,Task,-0.175179059134618
act,all,1,1,101,Full,Task,0.563204662439705
act,all,1,1,102,Full,Task,-0.234568093349127
act,all,1,1,103,Full,Task,-0.19137194345702
act,all,1,1,104,Full,Task,0.393890436627016
act,all,1,1,105,Full,Task,-0.13687892330042
act,all,1,1,106,Full,Task,0.0413118379027059
act,all,1,1,107,Full,Task,0.269298929282967
act,all,1,1,108,Full,Task,0.0772818652831324
act,all,1,1,109,Full,Task,3.11061769488152
act,all,1,1,110,Full,Task,0.0337579420902382
act,all,2,2,1,Full,Task,-0.204907438342525
act,all,2,2,2,Full,Task,0.173864565529666
act,all,2,2,3,Full,Task,-0.427094147438374
act,all,2,2,4,Full,Task,0.939621208972402
act,all,2,2,5,Full,Task,0.0231422706893005
act,all,2,2,6,Full,Task,0.0358789359633328
act,all,2,2,7,Full,Task,-0.13454712868086
act,all,2,2,8,Full,Task,3.89906390985804
act,all,2,2,9,Full,Task,3.4263817129522
act,all,2,2,10,Full,Task,-0.360933809080678
act,all,2,2,11,Full,Task,-0.193421704934033
act,all,2,2,12,Full,Task,0.120377427462756
act,all,2,2,13,Full,Task,4.73620900555446
act,all,2,2,14,Full,Task,-0.682771900644554
act,all,2,2,15,Full,Task,-0.305908232759755
act,all,2,2,16,Full,Task,-0.0578436528078421
act,all,2,2,17,Full,Task,0.0455900334826348
act,all,2,2,18,Full,Task,-0.000825721049041356
act,all,2,2,19,Full,Task,-0.64360733090279
act,all,2,2,20,Full,Task,-0.129629002905175
act,all,2,2,21,Full,Task,3.97767335321338
act,all,2,2,22,Full,Task,0.869092156687669
act,all,2,2,23,Full,Task,0.0565759718407598
act,all,2,2,24,Full,Task,-0.282283279123068
act,all,2,2,25,Full,Task,0.0322487285294421
act,all,2,2,26,Full,Task,1.35151780385486
act,all,2,2,27,Full,Task,-0.484732840636714
act,all,2,2,28,Full,Task,-0.40651334104147
act,all,2,2,29,Full,Task,0.128137108717673
act,all,2,2,30,Full,Task,0.178594858831773
act,all,2,2,31,Full,Task,-0.285317465010931
act,all,2,2,32,Full,Task,-0.0498141395462882
act,all,2,2,33,Full,Task,-0.272618828498652
act,all,2,2,34,Full,Task,0.00265682734064432
act,all,2,2,35,Full,Task,-0.215500505818186
act,all,2,2,36,Full,Task,0.250380466290463
act,all,2,2,37,Full,Task,-0.454327393990733
act,all,2,2,38,Full,Task,-0.188591358251796
act,all,2,2,39,Full,Task,0.0173379160617243
act,all,2,2,40,Full,Task,0.0264799858444005
act,all,2,2,41,Full,Task,-0.304873085717053
act,all,2,2,42,Full,Task,-0.35103870044923
act,all,2,2,43,Full,Task,-0.181068015175981
act,all,2,2,44,Full,Task,-0.0233194321689947
act,all,2,2,45,Full,Task,0.915116498701665
act,all,2,2,46,Full,Task,0.259008806964429
act,all,2,2,47,Full,Task,-0.0332789353832581
act,all,2,2,48,Full,Task,-0.0214233774199599
act,all,2,2,49,Full,Task,-0.25403817602383
act,all,2,2,50,Full,Task,0.838253726095451
act,all,2,2,51,Full,Task,-0.14857368099526
act,all,2,2,52,Full,Task,-0.0445331902341173
act,all,2,2,53,Full,Task,-0.0318305857379932
act,all,2,2,54,Full,Task,-0.185246897476768
act,all,2,2,55,Full,Task,0.186931475398626
act,all,2,2,56,Full,Task,0.83753143664377
act,all,2,2,57,Full,Task,0.184334168072926
act,all,2,2,58,Full,Task,0.446435773312801
act,all,2,2,59,Full,Task,-0.130467296887065
act,all,2,2,60,Full,Task,0.0216064710442465
act,all,2,2,61,Full,Task,0.285130159713901
act,all,2,2,62,Full,Task,-0.412261630141148
act,all,2,2,63,Full,Task,-0.0638302586354532
act,all,2,2,64,Full,Task,0.409542959385618
act,all,2,2,65,Full,Task,0.190342919510005
act,all,2,2,66,Full,Task,-0.0356031665814072
act,all,2,2,67,Full,Task,0.46061314183773
act,all,2,2,68,Full,Task,2.57594090608744
act,all,2,2,69,Full,Task,-0.0887884887482158
act,all,2,2,70,Full,Task,0.00515969626896125
act,all,2,2,71,Full,Task,0.0924283314788507
act,all,2,2,72,Full,Task,-0.178452178832728
act,all,2,2,73,Full,Task,3.30939092944204
act,all,2,2,74,Full,Task,-0.406679032158804
act,all,2,2,75,Full,Task,0.340463698066623
act,all,2,2,76,Full,Task,-0.0290678792007194
act,all,2,2,77,Full,Task,0.363142879909136
act,all,2,2,78,Full,Task,0.00983832829294198
act,all,2,2,79,Full,Task,-0.115054822751919
act,all,2,2,80,Full,Task,0.230324697440102
act,all,2,2,81,Full,Task,-0.187659797322161
act,all,2,2,82,Full,Task,0.375201829762203
act,all,2,2,83,Full,Task,0.0839603518593796
act,all,2,2,84,Full,Task,0.0550654097315357
act,all,2,2,85,Full,Task,0.0101194896554985
act,all,2,2,86,Full,Task,1.1780951858967
act,all,2,2,87,Full,Task,-0.0137522775965814
act,all,2,2,88,Full,Task,-0.311080475522612
act,all,2,2,89,Full,Task,-0.3556789562454
act,all,2,2,90,Full,Task,0.107006035353981
act,all,2,2,91,Full,Task,0.090665098178603
act,all,2,2,92,Full,Task,0.0742845912388041
act,all,2,2,93,Full,Task,-0.135875991992665
act,all,2,2,94,Full,Task,-0.214259912195334
act,all,2,2,95,Full,Task,-0.0420674023267745
act,all,2,2,96,Full,Task,0.000114400123031169
act,all,2,2,97,Full,Task,0.00241623812100412
act,all,2,2,98,Full,Task,0.400485227654909
act,all,2,2,99,Full,Task,0.108933870193241
act,all,2,2,100,Full,Task,0.366878825843891
act,all,2,2,101,Full,Task,0.595051469445175
act,all,2,2,102,Full,Task,0.253448459961148
act,all,2,2,103,Full,Task,-0.0497955475498381
act,all,2,2,104,Full,Task,0.191662368475647
act,all,2,2,105,Full,Task,-0.06206930161808
act,all,2,2,106,Full,Task,0.138406711610196
act,all,2,2,107,Full,Task,2.83634174239418
act,all,2,2,108,Full,Task,0.00732611434794092
act,all,2,2,109,Full,Task,0.501581585936809
act,all,2,2,110,Full,Task,0.0119561304277083
act,all,3,3,1,Full,Task,-0.283209584199375
act,all,3,3,2,Full,Task,-0.533473843089789
act,all,3,3,3,Full,Task,0.0654740338084069
act,all,3,3,4,Full,Task,4.14335841004357
act,all,3,3,5,Full,Task,0.0618994046954979
act,all,3,3,6,Full,Task,0.671843046610718
act,all,3,3,7,Full,Task,1.61043476105136
act,all,3,3,8,Full,Task,0.185163909655233
act,all,3,3,9,Full,Task,0.622710120294254
act,all,3,3,10,Full,Task,0.141307587769255
act,all,3,3,11,Full,Task,-0.0440821683283294
act,all,3,3,12,Full,Task,1.18025282944905
act,all,3,3,13,Full,Task,0.0511050822787453
act,all,3,3,14,Full,Task,-0.430478505731962
act,all,3,3,15,Full,Task,0.721840934929038
act,all,3,3,16,Full,Task,-0.0636177032162712
act,all,3,3,17,Full,Task,0.0392213858488881
act,all,3,3,18,Full,Task,-0.0829261517419783
act,all,3,3,19,Full,Task,-0.0086944659845405
act,all,3,3,20,Full,Task,-0.205518177828304
act,all,3,3,21,Full,Task,0.404184978306913
act,all,3,3,22,Full,Task,-0.136054133797121
act,all,3,3,23,Full,Task,0.247616484582192
act,all,3,3,24,Full,Task,0.0493164958703383
act,all,3,3,25,Full,Task,0.0310715002506055
act,all,3,3,26,Full,Task,2.47715477971573
act,all,3,3,27,Full,Task,-0.0968141947323183
act,all,3,3,28,Full,Task,-0.179014291551589
act,all,3,3,29,Full,Task,0.0209848296609491
act,all,3,3,30,Full,Task,0.172757275177663
act,all,3,3,31,Full,Task,-0.189496070372622
act,all,3,3,32,Full,Task,0.15106092775781
act,all,3,3,33,Full,Task,-0.527876749615752
act,all,3,3,34,Full,Task,0.0406744951705075
act,all,3,3,35,Full,Task,0.0777441697202204
act,all,3,3,36,Full,Task,2.58589152973409
act,all,3,3,37,Full,Task,-0.110514243219376
act,all,3,3,38,Full,Task,-0.0245694025501379
act,all,3,3,39,Full,Task,-0.114325451223833
act,all,3,3,40,Full,Task,1.57487862823192
act,all,3,3,41,Full,Task,-0.0824459118762519
act,all,3,3,42,Full,Task,-0.194457140549958
act,all,3,3,43,Full,Task,0.0199087704100742
act,all,3,3,44,Full,Task,0.365275529342551
act,all,3,3,45,Full,Task,0.387361312175346
act,all,3,3,46,Full,Task,0.371006465173454
act,all,3,3,47,Full,Task,0.200732908885125
act,all,3,3,48,Full,Task,-0.325826343458416
act,all,3,3,49,Full,Task,-0.310569095486422
act,all,3,3,50,Full,Task,-0.0361654697287956
act,all,3,3,51,Full,Task,-0.042768582445333
act,all,3,3,52,Full,Task,0.648294037267286
act,all,3,3,53,Full,Task,0.0471179181090128
act,all,3,3,54,Full,Task,-0.156261355192933
act,all,3,3,55,Full,Task,2.06827995487852
act,all,3,3,56,Full,Task,2.64541703659999
act,all,3,3,57,Full,Task,0.190682936084595
act,all,3,3,58,Full,Task,0.829081931148515
act,all,3,3,59,Full,Task,0.57748068754955
act,all,3,3,60,Full,Task,0.209970281888694
act,all,3,3,61,Full,Task,0.0195370205448863
act,all,3,3,62,Full,Task,-0.31758417320899
act,all,3,3,63,Full,Task,-0.106653330026146
act,all,3,3,64,Full,Task,0.566887219702715
act,all,3,3,65,Full,Task,0.143349176820521
act,all,3,3,66,Full,Task,-0.266189331030518
act,all,3,3,67,Full,Task,0.201687471886422
act,all,3,3,68,Full,Task,0.0288662994624553
act,all,3,3,69,Full,Task,0.560007321287214
act,all,3,3,70,Full,Task,0.240240499572373
act,all,3,3,71,Full,Task,-0.138728169240675
act,all,3,3,72,Full,Task,-0.270184728449013
act,all,3,3,73,Full,Task,0.225119997437696
act,all,3,3,74,Full,Task,-0.155159550014516
act,all,3,3,75,Full,Task,0.0684456945318524
act,all,3,3,76,Full,Task,0.22437298506368
act,all,3,3,77,Full,Task,0.809857896639991
act,all,3,3,78,Full,Task,-0.215625927147501
act,all,3,3,79,Full,Task,-0.0760795921443304
act,all,3,3,80,Full,Task,0.242191921650568
act,all,3,3,81,Full,Task,-0.158390322945851
act,all,3,3,82,Full,Task,4.9664983466176
act,all,3,3,83,Full,Task,-0.0398926564696381
act,all,3,3,84,Full,Task,0.127004723768529
act,all,3,3,85,Full,Task,-0.0136417051374598
act,all,3,3,86,Full,Task,0.29294276760209
act,all,3,3,87,Full,Task,-0.113185595406917
act,all,3,3,88,Full,Task,-0.135235783756888
act,all,3,3,89,Full,Task,-0.130436174421036
act,all,3,3,90,Full,Task,0.516529096042667
act,all,3,3,91,Full,Task,0.00811831062630231
act,all,3,3,92,Full,Task,0.539924691224317
act,all,3,3,93,Full,Task,0.231557801107802
act,all,3,3,94,Full,Task,0.2196071505791
act,all,3,3,95,Full,Task,-0.131259524936523
act,all,3,3,96,Full,Task,1.97328256040161
act,all,3,3,97,Full,Task,0.143975026231662
act,all,3,3,98,Full,Task,0.496899136662607
act,all,3,3,99,Full,Task,0.086233211458604
act,all,3,3,100,Full,Task,-0.20319008376743
act,all,3,3,101,Full,Task,0.407771899350102
act,all,3,3,102,Full,Task,-0.287064961842752
act,all,3,3,103,Full,Task,-0.042222132490529
act,all,3,3,104,Full,Task,2.83596652319439
act,all,3,3,105,Full,Task,0.0866758523361482
act,all,3,3,106,Full,Task,0.175577235167617
act,all,3,3,107,Full,Task,0.824177229471487
act,all,3,3,108,Full,Task,0.185999633436052
act,all,3,3,109,Full,Task,2.48659287754704
act,all,3,3,110,Full,Task,-0.0582925532304257
act,all,4,4,1,Full,Task,-0.163035151053332
act,all,4,4,2,Full,Task,-0.0721827177660759
act,all,4,4,3,Full,Task,-0.462776322790288
act,all,4,4,4,Full,Task,0.444132834885919
act,all,4,4,5,Full,Task,1.95494347726144
act,all,4,4,6,Full,Task,0.122227294669765
act,all,4,4,7,Full,Task,0.0589415841781167
act,all,4,4,8,Full,Task,0.320846692074201
act,all,4,4,9,Full,Task,4.29873025568632
act,all,4,4,10,Full,Task,-0.152247028905538
act,all,4,4,11,Full,Task,0.0107855419874165
act,all,4,4,12,Full,Task,0.0963393920487821
act,all,4,4,13,Full,Task,0.1128171337258
act,all,4,4,14,Full,Task,0.0810863471544507
act,all,4,4,15,Full,Task,-0.0159367464194351
act,all,4,4,16,Full,Task,-0.0277349944852349
act,all,4,4,17,Full,Task,0.0213640077345587
act,all,4,4,18,Full,Task,-0.209971849846359
act,all,4,4,19,Full,Task,-0.0561449957655934
act,all,4,4,20,Full,Task,0.0519375898003
act,all,4,4,21,Full,Task,0.297292902375187
act,all,4,4,22,Full,Task,0.0866717607682768
act,all,4,4,23,Full,Task,-0.158555135874118
act,all,4,4,24,Full,Task,0.0977540524859314
act,all,4,4,25,Full,Task,0.33373898121104
act,all,4,4,26,Full,Task,0.0178306963326707
act,all,4,4,27,Full,Task,0.0394946569434987
act,all,4,4,28,Full,Task,-0.175699303505784
act,all,4,4,29,Full,Task,0.0129384344844704
act,all,4,4,30,Full,Task,-0.135685802200621
act,all,4,4,31,Full,Task,-0.0167177961591459
act,all,4,4,32,Full,Task,0.177365882478323
act,all,4,4,33,Full,Task,-0.167581592545722
act,all,4,4,34,Full,Task,-0.0876341381956317
act,all,4,4,35,Full,Task,-0.100351208197552
act,all,4,4,36,Full,Task,0.599186625916058
act,all,4,4,37,Full,Task,-0.278711291139423
act,all,4,4,38,Full,Task,0.030554828907133
act,all,4,4,39,Full,Task,0.000548335944631412
act,all,4,4,40,Full,Task,0.202875574116066
act,all,4,4,41,Full,Task,-0.219832188656366
act,all,4,4,42,Full,Task,0.283535345578286
act,all,4,4,43,Full,Task,-0.0575105804396808
act,all,4,4,44,Full,Task,0.279270550819025
act,all,4,4,45,Full,Task,0.781739233496217
act,all,4,4,46,Full,Task,-0.240660685020664
act,all,4,4,47,Full,Task,1.09726658552965
act,all,4,4,48,Full,Task,-0.156293923468393
act,all,4,4,49,Full,Task,-0.386400868450198
act,all,4,4,50,Full,Task,3.93346972193376
act,all,4,4,51,Full,Task,-0.258861003868516
act,all,4,4,52,Full,Task,0.00963747263042891
act,all,4,4,53,Full,Task,-0.117059364572934
act,all,4,4,54,Full,Task,0.0142236057919587
act,all,4,4,55,Full,Task,0.166098774664523
act,all,4,4,56,Full,Task,1.5651934497657
act,all,4,4,57,Full,Task,0.760518871848561
act,all,4,4,58,Full,Task,0.391930890001986
act,all,4,4,59,Full,Task,0.0401167769734127
act,all,4,4,60,Full,Task,0.0803271391995112
act,all,4,4,61,Full,Task,0.0499756345567587
act,all,4,4,62,Full,Task,-0.386906649393311
act,all,4,4,63,Full,Task,0.0211337869411609
act,all,4,4,64,Full,Task,0.0383477873571142
act,all,4,4,65,Full,Task,0.307280567477873
act,all,4,4,66,Full,Task,-0.00244054232679494
act,all,4,4,67,Full,Task,1.46437503630293
act,all,4,4,68,Full,Task,0.0725989674115712
act,all,4,4,69,Full,Task,0.0845568459552805
act,all,4,4,70,Full,Task,-0.164532161175079
act,all,4,4,71,Full,Task,0.0727553160716752
act,all,4,4,72,Full,Task,-0.131403078310855
act,all,4,4,73,Full,Task,2.09914773122065
act,all,4,4,74,Full,Task,-0.229016616122596
act,all,4,4,75,Full,Task,0.263057702043704
act,all,4,4,76,Full,Task,-0.0806113011378787
act,all,4,4,77,Full,Task,0.352261724898019
act,all,4,4,78,Full,Task,0.158366748065234
act,all,4,4,79,Full,Task,0.00276896002961141
act,all,4,4,80,Full,Task,3.36726960394261
act,all,4,4,81,Full,Task,0.0273827766684296
act,all,4,4,82,Full,Task,0.149501512072643
act,all,4,4,83,Full,Task,0.146642375788387
act,all,4,4,84,Full,Task,0.130234869608322
act,all,4,4,85,Full,Task,-0.0390805734145412
act,all,4,4,86,Full,Task,0.522851112712974
act,all,4,4,87,Full,Task,0.0395406149560874
act,all,4,4,88,Full,Task,-0.123087054902711
act,all,4,4,89,Full,Task,-0.425028745503762
act,all,4,4,90,Full,Task,5.16989182427798
act,all,4,4,91,Full,Task,0.0197288614188068
act,all,4,4,92,Full,Task,-0.145781620681967
act,all,4,4,93,Full,Task,0.063384204462309
act,all,4,4,94,Full,Task,0.241043742747908
act,all,4,4,95,Full,Task,-0.382247787120453
act,all,4,4,96,Full,Task,-0.0223491021260603
act,all,4,4,97,Full,Task,0.0343290572641596
act,all,4,4,98,Full,Task,0.837360047724332
act,all,4,4,99,Full,Task,-0.0755077584524544
act,all,4,4,100,Full,Task,0.0713585397792462
act,all,4,4,101,Full,Task,0.0620024844373898
act,all,4,4,102,Full,Task,-0.23746372675575
act,all,4,4,103,Full,Task,-0.318320134912059
act,all,4,4,104,Full,Task,-0.029190038314348
act,all,4,4,105,Full,Task,-0.284991151674222
act,all,4,4,106,Full,Task,4.4631774852735
act,all,4,4,107,Full,Task,0.208637301178127
act,all,4,4,108,Full,Task,0.419284185429736
act,all,4,4,109,Full,Task,0.294243662914569
act,all,4,4,110,Full,Task,-0.292644176685981
act,all,1,1,1,Occl,Pre,0.392569105379439
act,all,1,1,2,Occl,Pre,0.126211215553698
act,all,1,1,3,Occl,Pre,0.286843608390145
act,all,1,1,4,Occl,Pre,0.138464109150084
act,all,1,1,5,Occl,Pre,-0.224748025393522
act,all,1,1,6,Occl,Pre,0.299572217190053
act,all,1,1,7,Occl,Pre,-0.03540911632555
act,all,1,1,8,Occl,Pre,0.0373520951097269
act,all,1,1,9,Occl,Pre,0.246088190928779
act,all,1,1,10,Occl,Pre,0.233686885236363
act,all,1,1,11,Occl,Pre,-0.0114679563423823
act,all,1,1,12,Occl,Pre,-0.0541648097395638
act,all,1,1,13,Occl,Pre,-0.00581691078815982
act,all,1,1,14,Occl,Pre,0.085170931988937
act,all,1,1,15,Occl,Pre,-0.0665037862059806
act,all,1,1,16,Occl,Pre,-0.130618966150303
act,all,1,1,17,Occl,Pre,0.166910205247528
act,all,1,1,18,Occl,Pre,0.0616781302832217
act,all,1,1,19,Occl,Pre,0.414624877884781
act,all,1,1,20,Occl,Pre,0.303987896843431
act,all,1,1,21,Occl,Pre,0.392966576968667
act,all,1,1,22,Occl,Pre,-0.144063267601616
act,all,1,1,23,Occl,Pre,0.0144718232562114
act,all,1,1,24,Occl,Pre,-0.254762431751115
act,all,1,1,25,Occl,Pre,0.206320185478792
act,all,1,1,26,Occl,Pre,-0.046799704725006
act,all,1,1,27,Occl,Pre,-0.100103760232689
act,all,1,1,28,Occl,Pre,-0.101444047894231
act,all,1,1,29,Occl,Pre,0.0263878595077626
act,all,1,1,30,Occl,Pre,0.0444443642532697
act,all,1,1,31,Occl,Pre,0.12947293329879
act,all,1,1,32,Occl,Pre,1.7075191267591
act,all,1,1,33,Occl,Pre,-0.228813087668786
act,all,1,1,34,Occl,Pre,0.0588784807414943
act,all,1,1,35,Occl,Pre,-0.0797877254546636
act,all,1,1,36,Occl,Pre,-0.303523314503892
act,all,1,1,37,Occl,Pre,-0.0361967950631228
act,all,1,1,38,Occl,Pre,-0.0872483723571725
act,all,1,1,39,Occl,Pre,0.196459533420879
act,all,1,1,40,Occl,Pre,-0.0902919915144061
act,all,1,1,41,Occl,Pre,0.273077335579661
act,all,1,1,42,Occl,Pre,-0.130559178571848
act,all,1,1,43,Occl,Pre,0.872327307815899
act,all,1,1,44,Occl,Pre,-0.146288801747946
act,all,1,1,45,Occl,Pre,-0.181514415107675
act,all,1,1,46,Occl,Pre,-0.107076823968327
act,all,1,1,47,Occl,Pre,0.067172305328258
act,all,1,1,48,Occl,Pre,-0.184500465069711
act,all,1,1,49,Occl,Pre,0.105143716471189
act,all,1,1,50,Occl,Pre,0.0296366380787097
act,all,1,1,51,Occl,Pre,-0.173183431269183
act,all,1,1,52,Occl,Pre,-0.156290093905935
act,all,1,1,53,Occl,Pre,0.24620251889211
act,all,1,1,54,Occl,Pre,-0.00907563587068
act,all,1,1,55,Occl,Pre,-0.0369576197236
act,all,1,1,56,Occl,Pre,0.138327238835133
act,all,1,1,57,Occl,Pre,-0.0274029240487876
act,all,1,1,58,Occl,Pre,-0.0489794898789142
act,all,1,1,59,Occl,Pre,-0.0108202048304032
act,all,1,1,60,Occl,Pre,0.0462183498417224
act,all,1,1,61,Occl,Pre,1.21213964937463
act,all,1,1,62,Occl,Pre,-0.0733335893909821
act,all,1,1,63,Occl,Pre,0.11574901488212
act,all,1,1,64,Occl,Pre,-0.117296034742505
act,all,1,1,65,Occl,Pre,0.114327552201102
act,all,1,1,66,Occl,Pre,-0.158768471121511
act,all,1,1,67,Occl,Pre,-0.0324115360621396
act,all,1,1,68,Occl,Pre,-0.181633033346228
act,all,1,1,69,Occl,Pre,0.0844159650747275
act,all,1,1,70,Occl,Pre,0.0411444835244
act,all,1,1,71,Occl,Pre,-0.0453935136921279
act,all,1,1,72,Occl,Pre,-0.0592528039116086
act,all,1,1,73,Occl,Pre,0.00284780327014833
act,all,1,1,74,Occl,Pre,0.00837208046405669
act,all,1,1,75,Occl,Pre,0.218985698254888
act,all,1,1,76,Occl,Pre,0.00500534834612085
act,all,1,1,77,Occl,Pre,-0.0629562724827632
act,all,1,1,78,Occl,Pre,0.261028563605637
act,all,1,1,79,Occl,Pre,0.0386779806072988
act,all,1,1,80,Occl,Pre,0.808829190529922
act,all,1,1,81,Occl,Pre,-0.087090574685582
act,all,1,1,82,Occl,Pre,0.0170898666592263
act,all,1,1,83,Occl,Pre,-0.0331075289141328
act,all,1,1,84,Occl,Pre,0.211832505366185
act,all,1,1,85,Occl,Pre,-0.243370718043585
act,all,1,1,86,Occl,Pre,0.172111253072662
act,all,1,1,87,Occl,Pre,-0.282604564558556
act,all,1,1,88,Occl,Pre,-0.465290895667282
act,all,1,1,89,Occl,Pre,-0.200139148486901
act,all,1,1,90,Occl,Pre,0.01563016509923
act,all,1,1,91,Occl,Pre,0.694786926543298
act,all,1,1,92,Occl,Pre,0.0688627887052693
act,all,1,1,93,Occl,Pre,-0.0679787066587469
act,all,1,1,94,Occl,Pre,0.483361190552242
act,all,1,1,95,Occl,Pre,0.24857685650482
act,all,1,1,96,Occl,Pre,0.3106114289635
act,all,1,1,97,Occl,Pre,-0.0163198851235174
act,all,1,1,98,Occl,Pre,0.0119120053328598
act,all,1,1,99,Occl,Pre,-0.0766373926074424
act,all,1,1,100,Occl,Pre,-0.194179472134178
act,all,1,1,101,Occl,Pre,-0.203697599690105
act,all,1,1,102,Occl,Pre,-0.0212250621761067
act,all,1,1,103,Occl,Pre,-0.0561396313090346
act,all,1,1,104,Occl,Pre,-0.051898770351959
act,all,1,1,105,Occl,Pre,0.000784345962291655
act,all,1,1,106,Occl,Pre,0.0154030291161711
act,all,1,1,107,Occl,Pre,-0.00786214335906057
act,all,1,1,108,Occl,Pre,-0.007687185849894
act,all,1,1,109,Occl,Pre,-0.0518354077592391
act,all,1,1,110,Occl,Pre,-0.024998151201945
act,all,2,2,1,Occl,Pre,0.154590456786501
act,all,2,2,2,Occl,Pre,-0.130557202566566
act,all,2,2,3,Occl,Pre,0.156869593667942
act,all,2,2,4,Occl,Pre,0.131001699482957
act,all,2,2,5,Occl,Pre,0.164357245999862
act,all,2,2,6,Occl,Pre,0.341523099790096
act,all,2,2,7,Occl,Pre,-0.0438700922604826
act,all,2,2,8,Occl,Pre,0.0472316228132669
act,all,2,2,9,Occl,Pre,0.181995767419733
act,all,2,2,10,Occl,Pre,-0.0204115013182703
act,all,2,2,11,Occl,Pre,-0.0427221052678044
act,all,2,2,12,Occl,Pre,0.0403929652333908
act,all,2,2,13,Occl,Pre,0.0185755437126457
act,all,2,2,14,Occl,Pre,-0.128856845355536
act,all,2,2,15,Occl,Pre,0.0637241039284233
act,all,2,2,16,Occl,Pre,0.219243379098302
act,all,2,2,17,Occl,Pre,0.693120489883901
act,all,2,2,18,Occl,Pre,0.0259821176760952
act,all,2,2,19,Occl,Pre,0.109073054516254
act,all,2,2,20,Occl,Pre,0.631296521815397
act,all,2,2,21,Occl,Pre,0.442643310703837
act,all,2,2,22,Occl,Pre,-0.106134563007988
act,all,2,2,23,Occl,Pre,-0.147664403105548
act,all,2,2,24,Occl,Pre,-0.045413467347948
act,all,2,2,25,Occl,Pre,0.316887380224956
act,all,2,2,26,Occl,Pre,-0.142754515306368
act,all,2,2,27,Occl,Pre,-0.535483693225302
act,all,2,2,28,Occl,Pre,0.297082993186517
act,all,2,2,29,Occl,Pre,0.323040297598897
act,all,2,2,30,Occl,Pre,0.555218533043173
act,all,2,2,31,Occl,Pre,-0.161492064404238
act,all,2,2,32,Occl,Pre,1.77320907837695
act,all,2,2,33,Occl,Pre,-0.214039758303142
act,all,2,2,34,Occl,Pre,0.152913317368435
act,all,2,2,35,Occl,Pre,0.0926385697576186
act,all,2,2,36,Occl,Pre,-0.246247939853751
act,all,2,2,37,Occl,Pre,0.0630159043144589
act,all,2,2,38,Occl,Pre,-0.147099107199494
act,all,2,2,39,Occl,Pre,-0.0297403653936434
act,all,2,2,40,Occl,Pre,-0.334197803252428
act,all,2,2,41,Occl,Pre,-0.185885790464036
act,all,2,2,42,Occl,Pre,0.171663216832005
act,all,2,2,43,Occl,Pre,0.34360961753637
act,all,2,2,44,Occl,Pre,-0.00299818454913481
act,all,2,2,45,Occl,Pre,0.271142646545741
act,all,2,2,46,Occl,Pre,-0.175051459223408
act,all,2,2,47,Occl,Pre,-0.0613751727020584
act,all,2,2,48,Occl,Pre,-0.157473569698797
act,all,2,2,49,Occl,Pre,-0.0599473278990279
act,all,2,2,50,Occl,Pre,0.199885752907488
act,all,2,2,51,Occl,Pre,-0.301267670489883
act,all,2,2,52,Occl,Pre,0.257408582127561
act,all,2,2,53,Occl,Pre,-0.200118600961455
act,all,2,2,54,Occl,Pre,0.289915346589322
act,all,2,2,55,Occl,Pre,-0.102753528994669
act,all,2,2,56,Occl,Pre,0.186310729129588
act,all,2,2,57,Occl,Pre,-0.0603481744524783
act,all,2,2,58,Occl,Pre,0.117830741879152
act,all,2,2,59,Occl,Pre,0.028847667097393
act,all,2,2,60,Occl,Pre,0.0874986603089555
act,all,2,2,61,Occl,Pre,0.966159938532781
act,all,2,2,62,Occl,Pre,-0.0417782852159101
act,all,2,2,63,Occl,Pre,-0.014613572527803
act,all,2,2,64,Occl,Pre,0.092343031523687
act,all,2,2,65,Occl,Pre,0.218124690092502
act,all,2,2,66,Occl,Pre,-0.0220678010532324
act,all,2,2,67,Occl,Pre,0.0605627744039321
act,all,2,2,68,Occl,Pre,-0.0430943502782587
act,all,2,2,69,Occl,Pre,-0.0334140101560428
act,all,2,2,70,Occl,Pre,-0.0641341894552764
act,all,2,2,71,Occl,Pre,-0.25913159133252
act,all,2,2,72,Occl,Pre,0.0229813709048861
act,all,2,2,73,Occl,Pre,0.0355034037315192
act,all,2,2,74,Occl,Pre,0.010349513614686
act,all,2,2,75,Occl,Pre,0.149251169109278
act,all,2,2,76,Occl,Pre,0.354168314947768
act,all,2,2,77,Occl,Pre,0.292612345454912
act,all,2,2,78,Occl,Pre,-0.0834107261454582
act,all,2,2,79,Occl,Pre,-0.0615459959701366
act,all,2,2,80,Occl,Pre,1.09746242090091
act,all,2,2,81,Occl,Pre,-0.0981190455758758
act,all,2,2,82,Occl,Pre,0.0608283419533604
act,all,2,2,83,Occl,Pre,0.10443540450681
act,all,2,2,84,Occl,Pre,0.157318471724187
act,all,2,2,85,Occl,Pre,0.0980916942423988
act,all,2,2,86,Occl,Pre,0.00435925101061507
act,all,2,2,87,Occl,Pre,-0.220967910754705
act,all,2,2,88,Occl,Pre,-0.447853227617954
act,all,2,2,89,Occl,Pre,-0.384063012238703
act,all,2,2,90,Occl,Pre,-0.0360531991569235
act,all,2,2,91,Occl,Pre,0.751332974524173
act,all,2,2,92,Occl,Pre,-0.0985148624439891
act,all,2,2,93,Occl,Pre,-0.0904955596016437
act,all,2,2,94,Occl,Pre,0.38924770235892
act,all,2,2,95,Occl,Pre,0.28818573218021
act,all,2,2,96,Occl,Pre,0.394806989327429
act,all,2,2,97,Occl,Pre,-0.0684212314237313
act,all,2,2,98,Occl,Pre,-0.0933731916024278
act,all,2,2,99,Occl,Pre,0.0377033607640573
act,all,2,2,100,Occl,Pre,0.0542266017085254
act,all,2,2,101,Occl,Pre,-0.0698742968299086
act,all,2,2,102,Occl,Pre,-0.0680972521219873
act,all,2,2,103,Occl,Pre,-0.116391468974132
act,all,2,2,104,Occl,Pre,0.0774347616800996
act,all,2,2,105,Occl,Pre,0.0419698422312528
act,all,2,2,106,Occl,Pre,0.0612968582560869
act,all,2,2,107,Occl,Pre,-0.0669367881113894
act,all,2,2,108,Occl,Pre,-0.0429045671033452
act,all,2,2,109,Occl,Pre,-0.0314360447533766
act,all,2,2,110,Occl,Pre,-0.0893525055394344
act,all,3,3,1,Occl,Pre,0.804199672598262
act,all,3,3,2,Occl,Pre,0.212394567528444
act,all,3,3,3,Occl,Pre,0.0672208664034009
act,all,3,3,4,Occl,Pre,0.0947943814578622
act,all,3,3,5,Occl,Pre,0.109468367542975
act,all,3,3,6,Occl,Pre,0.781503448597204
act,all,3,3,7,Occl,Pre,0.0217325905735189
act,all,3,3,8,Occl,Pre,0.0285600206707757
act,all,3,3,9,Occl,Pre,0.223091987833971
act,all,3,3,10,Occl,Pre,0.15120125617031
act,all,3,3,11,Occl,Pre,-0.0164191982314987
act,all,3,3,12,Occl,Pre,0.047852715374045
act,all,3,3,13,Occl,Pre,0.00178170028283337
act,all,3,3,14,Occl,Pre,0.190561266797759
act,all,3,3,15,Occl,Pre,0.166492731522083
act,all,3,3,16,Occl,Pre,-0.0205899056594947
act,all,3,3,17,Occl,Pre,0.216419287722781
act,all,3,3,18,Occl,Pre,0.0245842002796817
act,all,3,3,19,Occl,Pre,0.121450216827433
act,all,3,3,20,Occl,Pre,0.471923763124364
act,all,3,3,21,Occl,Pre,0.237369387872022
act,all,3,3,22,Occl,Pre,-0.174587082947181
act,all,3,3,23,Occl,Pre,-0.0355625195967062
act,all,3,3,24,Occl,Pre,-0.281961398819516
act,all,3,3,25,Occl,Pre,0.129578321192749
act,all,3,3,26,Occl,Pre,-0.0582720301717899
act,all,3,3,27,Occl,Pre,-0.418478126125639
act,all,3,3,28,Occl,Pre,0.109456791555946
act,all,3,3,29,Occl,Pre,0.122323509836655
act,all,3,3,30,Occl,Pre,0.30277640953422
act,all,3,3,31,Occl,Pre,-0.416695393743888
act,all,3,3,32,Occl,Pre,1.54039844691248
act,all,3,3,33,Occl,Pre,-0.246386849194408
act,all,3,3,34,Occl,Pre,0.034417530926023
act,all,3,3,35,Occl,Pre,0.0839738872854281
act,all,3,3,36,Occl,Pre,-0.229497483711879
act,all,3,3,37,Occl,Pre,-0.0336302699632962
act,all,3,3,38,Occl,Pre,-0.171826414318759
act,all,3,3,39,Occl,Pre,-0.122472445199928
act,all,3,3,40,Occl,Pre,0.0197235047086781
act,all,3,3,41,Occl,Pre,0.0372429477158483
act,all,3,3,42,Occl,Pre,-0.224908800018625
act,all,3,3,43,Occl,Pre,0.927164649184278
act,all,3,3,44,Occl,Pre,-0.0546556633907007
act,all,3,3,45,Occl,Pre,-0.0984036487935976
act,all,3,3,46,Occl,Pre,0.322003563338962
act,all,3,3,47,Occl,Pre,-0.00241071307066745
act,all,3,3,48,Occl,Pre,-0.170640488937285
act,all,3,3,49,Occl,Pre,-0.137932482026912
act,all,3,3,50,Occl,Pre,0.218833879265898
act,all,3,3,51,Occl,Pre,0.0254184835020452
act,all,3,3,52,Occl,Pre,-0.0294283742911589
act,all,3,3,53,Occl,Pre,-0.172516777825194
act,all,3,3,54,Occl,Pre,-0.0261459299894251
act,all,3,3,55,Occl,Pre,0.0299240590703261
act,all,3,3,56,Occl,Pre,0.0786326322247444
act,all,3,3,57,Occl,Pre,0.0576625375197458
act,all,3,3,58,Occl,Pre,-0.136775698635451
act,all,3,3,59,Occl,Pre,-0.102953097612043
act,all,3,3,60,Occl,Pre,-0.16870874979244
act,all,3,3,61,Occl,Pre,0.772698599563882
act,all,3,3,62,Occl,Pre,-0.134072982288356
act,all,3,3,63,Occl,Pre,0.0544980504266022
act,all,3,3,64,Occl,Pre,-0.112152272482083
act,all,3,3,65,Occl,Pre,0.20113217061443
act,all,3,3,66,Occl,Pre,0.0916874005890347
act,all,3,3,67,Occl,Pre,0.0666372896795553
act,all,3,3,68,Occl,Pre,0.0465719789107066
act,all,3,3,69,Occl,Pre,-0.0898763118749141
act,all,3,3,70,Occl,Pre,-0.0643015175829339
act,all,3,3,71,Occl,Pre,-0.0148027306000086
act,all,3,3,72,Occl,Pre,0.0516873843572795
act,all,3,3,73,Occl,Pre,-0.142015950701969
act,all,3,3,74,Occl,Pre,0.0959991296548799
act,all,3,3,75,Occl,Pre,0.0700912034458488
act,all,3,3,76,Occl,Pre,0.062018532006612
act,all,3,3,77,Occl,Pre,0.283015693088187
act,all,3,3,78,Occl,Pre,0.398514843387815
act,all,3,3,79,Occl,Pre,-0.116936729604008
act,all,3,3,80,Occl,Pre,0.796403464665662
act,all,3,3,81,Occl,Pre,-0.0167283602539235
act,all,3,3,82,Occl,Pre,0.0102961378164376
act,all,3,3,83,Occl,Pre,0.0339128253755607
act,all,3,3,84,Occl,Pre,0.121638420551702
act,all,3,3,85,Occl,Pre,-0.11759947525562
act,all,3,3,86,Occl,Pre,0.294650361395051
act,all,3,3,87,Occl,Pre,-0.0802772083696303
act,all,3,3,88,Occl,Pre,-0.263805835459114
act,all,3,3,89,Occl,Pre,-0.187889758635818
act,all,3,3,90,Occl,Pre,0.00934854024501119
act,all,3,3,91,Occl,Pre,0.62851323501567
act,all,3,3,92,Occl,Pre,0.0582740284620631
act,all,3,3,93,Occl,Pre,-0.0265676268177672
act,all,3,3,94,Occl,Pre,0.0386477625478004
act,all,3,3,95,Occl,Pre,0.455331552950776
act,all,3,3,96,Occl,Pre,-0.159114892503605
act,all,3,3,97,Occl,Pre,0.0154745466913262
act,all,3,3,98,Occl,Pre,0.0899709914822018
act,all,3,3,99,Occl,Pre,-0.0776542174730774
act,all,3,3,100,Occl,Pre,0.0487052368118977
act,all,3,3,101,Occl,Pre,-0.035974030141467
act,all,3,3,102,Occl,Pre,-0.0560451211630458
act,all,3,3,103,Occl,Pre,-0.0204642127501352
act,all,3,3,104,Occl,Pre,0.144792252130551
act,all,3,3,105,Occl,Pre,-0.0244583491148065
act,all,3,3,106,Occl,Pre,0.0277393590671152
act,all,3,3,107,Occl,Pre,-0.116675951287787
act,all,3,3,108,Occl,Pre,-0.0573637086232238
act,all,3,3,109,Occl,Pre,0.00201896449272496
act,all,3,3,110,Occl,Pre,-0.0900374437397716
act,all,4,4,1,Occl,Pre,0.206716476454046
act,all,4,4,2,Occl,Pre,0.00380685283945298
act,all,4,4,3,Occl,Pre,0.111430110019141
act,all,4,4,4,Occl,Pre,0.37885533682079
act,all,4,4,5,Occl,Pre,-0.0907503288182548
act,all,4,4,6,Occl,Pre,0.164064327567903
act,all,4,4,7,Occl,Pre,-0.0526172187025154
act,all,4,4,8,Occl,Pre,0.166977135413564
act,all,4,4,9,Occl,Pre,0.0810030907696252
act,all,4,4,10,Occl,Pre,0.128763071812301
act,all,4,4,11,Occl,Pre,0.439215769121586
act,all,4,4,12,Occl,Pre,0.0250770304746401
act,all,4,4,13,Occl,Pre,0.0224210154604745
act,all,4,4,14,Occl,Pre,-0.164017774571089
act,all,4,4,15,Occl,Pre,-0.0959904155757206
act,all,4,4,16,Occl,Pre,-0.247475626856122
act,all,4,4,17,Occl,Pre,0.592834907225263
act,all,4,4,18,Occl,Pre,-0.0104848350945274
act,all,4,4,19,Occl,Pre,0.255579659775512
act,all,4,4,20,Occl,Pre,0.560027524930284
act,all,4,4,21,Occl,Pre,0.635236174365809
act,all,4,4,22,Occl,Pre,0.0225956777823737
act,all,4,4,23,Occl,Pre,0.0199792722000646
act,all,4,4,24,Occl,Pre,-0.0648732060693609
act,all,4,4,25,Occl,Pre,0.400790487620244
act,all,4,4,26,Occl,Pre,-0.00242923204506218
act,all,4,4,27,Occl,Pre,-0.199222958561017
act,all,4,4,28,Occl,Pre,0.813501509863616
act,all,4,4,29,Occl,Pre,0.0824635372258013
act,all,4,4,30,Occl,Pre,0.444593011463128
act,all,4,4,31,Occl,Pre,-0.0432884911174561
act,all,4,4,32,Occl,Pre,1.91304894674712
act,all,4,4,33,Occl,Pre,-0.319758583541908
act,all,4,4,34,Occl,Pre,-0.0467909457695885
act,all,4,4,35,Occl,Pre,-0.125799091053552
act,all,4,4,36,Occl,Pre,-0.00841139492769666
act,all,4,4,37,Occl,Pre,0.0483024900816624
act,all,4,4,38,Occl,Pre,-0.0800734840575976
act,all,4,4,39,Occl,Pre,-0.0568847694568717
act,all,4,4,40,Occl,Pre,-0.0415323411771205
act,all,4,4,41,Occl,Pre,-0.31770327403604
act,all,4,4,42,Occl,Pre,0.0464961005365836
act,all,4,4,43,Occl,Pre,0.570392376808675
act,all,4,4,44,Occl,Pre,-0.00174978934133652
act,all,4,4,45,Occl,Pre,-0.176214117016226
act,all,4,4,46,Occl,Pre,-0.00232540912814544
act,all,4,4,47,Occl,Pre,0.0285466319566104
act,all,4,4,48,Occl,Pre,-0.034131669684898
act,all,4,4,49,Occl,Pre,-0.232177511600981
act,all,4,4,50,Occl,Pre,0.0140280948343934
act,all,4,4,51,Occl,Pre,-0.0435468128576227
act,all,4,4,52,Occl,Pre,0.0617191882191479
act,all,4,4,53,Occl,Pre,0.308194115692759
act,all,4,4,54,Occl,Pre,-0.0761120679129509
act,all,4,4,55,Occl,Pre,0.118596819322489
act,all,4,4,56,Occl,Pre,0.196474886004563
act,all,4,4,57,Occl,Pre,-0.0196405765128271
act,all,4,4,58,Occl,Pre,-0.00200331276854696
act,all,4,4,59,Occl,Pre,-0.00644077670111491
act,all,4,4,60,Occl,Pre,0.135350302069401
act,all,4,4,61,Occl,Pre,0.896728940951918
act,all,4,4,62,Occl,Pre,0.258740817355952
act,all,4,4,63,Occl,Pre,0.0195498522446403
act,all,4,4,64,Occl,Pre,0.0680701364913593
act,all,4,4,65,Occl,Pre,0.291435280396071
act,all,4,4,66,Occl,Pre,-0.167715172872005
act,all,4,4,67,Occl,Pre,-0.0154692625586916
act,all,4,4,68,Occl,Pre,-0.0229716868215508
act,all,4,4,69,Occl,Pre,-0.0793553803600449
act,all,4,4,70,Occl,Pre,0.0583127589341603
act,all,4,4,71,Occl,Pre,-0.262831326118411
act,all,4,4,72,Occl,Pre,0.0132751966595571
act,all,4,4,73,Occl,Pre,0.00405811021782643
act,all,4,4,74,Occl,Pre,0.210001164704318
act,all,4,4,75,Occl,Pre,0.0743411150659794
act,all,4,4,76,Occl,Pre,0.28220544415873
act,all,4,4,77,Occl,Pre,0.594478680266482
act,all,4,4,78,Occl,Pre,0.212384572482067
act,all,4,4,79,Occl,Pre,0.0627350997758812
act,all,4,4,80,Occl,Pre,0.843167890719808
act,all,4,4,81,Occl,Pre,0.0345353016995902
act,all,4,4,82,Occl,Pre,0.0584492812140227
act,all,4,4,83,Occl,Pre,-0.117624162645904
act,all,4,4,84,Occl,Pre,0.127388159193306
act,all,4,4,85,Occl,Pre,-0.0750381425919129
act,all,4,4,86,Occl,Pre,0.207118052457194
act,all,4,4,87,Occl,Pre,-0.141819234002744
act,all,4,4,88,Occl,Pre,-0.239078978565563
act,all,4,4,89,Occl,Pre,-0.396649934657082
act,all,4,4,90,Occl,Pre,0.00576954305295124
act,all,4,4,91,Occl,Pre,0.621167123612761
act,all,4,4,92,Occl,Pre,-0.14516293977945
act,all,4,4,93,Occl,Pre,-0.00606982082724013
act,all,4,4,94,Occl,Pre,-0.0112765228405505
act,all,4,4,95,Occl,Pre,0.510152819362856
act,all,4,4,96,Occl,Pre,0.105325003997041
act,all,4,4,97,Occl,Pre,0.077246665753353
act,all,4,4,98,Occl,Pre,0.0173056829746857
act,all,4,4,99,Occl,Pre,-0.0813999899770479
act,all,4,4,100,Occl,Pre,0.0495955647835117
act,all,4,4,101,Occl,Pre,-0.0675092138960544
act,all,4,4,102,Occl,Pre,0.161030449150898
act,all,4,4,103,Occl,Pre,0.0141896097363489
act,all,4,4,104,Occl,Pre,-0.000460589657927113
act,all,4,4,105,Occl,Pre,-0.0114251496142291
act,all,4,4,106,Occl,Pre,0.0947303925551291
act,all,4,4,107,Occl,Pre,0.0310134639631449
act,all,4,4,108,Occl,Pre,-0.0100914526975534
act,all,4,4,109,Occl,Pre,-0.0370633331620074
act,all,4,4,110,Occl,Pre,0.00431060233988066
act,all,1,1,1,Occl,Task,0.967030837906785
act,all,1,1,2,Occl,Task,0.530606210343412
act,all,1,1,3,Occl,Task,-0.366871990062526
act,all,1,1,4,Occl,Task,-0.000679609515078228
act,all,1,1,5,Occl,Task,-0.0564223438958971
act,all,1,1,6,Occl,Task,0.334587675991793
act,all,1,1,7,Occl,Task,0.117808577380403
act,all,1,1,8,Occl,Task,-0.010454543507369
act,all,1,1,9,Occl,Task,0.0475587386734319
act,all,1,1,10,Occl,Task,0.704388226387654
act,all,1,1,11,Occl,Task,0.145382149188852
act,all,1,1,12,Occl,Task,0.129107127564308
act,all,1,1,13,Occl,Task,0.0142498189968731
act,all,1,1,14,Occl,Task,-0.42712895442979
act,all,1,1,15,Occl,Task,0.0226605514598493
act,all,1,1,16,Occl,Task,0.105768932478098
act,all,1,1,17,Occl,Task,0.120686960362441
act,all,1,1,18,Occl,Task,-0.0402907493844151
act,all,1,1,19,Occl,Task,-0.167391630566793
act,all,1,1,20,Occl,Task,0.0669023707708413
act,all,1,1,21,Occl,Task,0.197610745387133
act,all,1,1,22,Occl,Task,-0.133101294714077
act,all,1,1,23,Occl,Task,0.168321121832612
act,all,1,1,24,Occl,Task,-0.134537949778562
act,all,1,1,25,Occl,Task,0.161804646705895
act,all,1,1,26,Occl,Task,0.09122761047015
act,all,1,1,27,Occl,Task,-0.118576289777184
act,all,1,1,28,Occl,Task,-0.0988276768367631
act,all,1,1,29,Occl,Task,0.233140955448004
act,all,1,1,30,Occl,Task,0.063818814311027
act,all,1,1,31,Occl,Task,0.455753086807921
act,all,1,1,32,Occl,Task,1.86453459287742
act,all,1,1,33,Occl,Task,-0.182550179427609
act,all,1,1,34,Occl,Task,0.174637781104463
act,all,1,1,35,Occl,Task,0.211777739831415
act,all,1,1,36,Occl,Task,-0.140248014137654
act,all,1,1,37,Occl,Task,-0.235767685739218
act,all,1,1,38,Occl,Task,0.0440007453817619
act,all,1,1,39,Occl,Task,0.177080033019071
act,all,1,1,40,Occl,Task,0.0223547702322383
act,all,1,1,41,Occl,Task,-0.0879087231934366
act,all,1,1,42,Occl,Task,0.378457957898533
act,all,1,1,43,Occl,Task,1.46999068776937
act,all,1,1,44,Occl,Task,0.0909012522444127
act,all,1,1,45,Occl,Task,0.0376166285866444
act,all,1,1,46,Occl,Task,-0.0498017378946832
act,all,1,1,47,Occl,Task,0.284757759231895
act,all,1,1,48,Occl,Task,-0.173924915425558
act,all,1,1,49,Occl,Task,0.219573756620987
act,all,1,1,50,Occl,Task,0.23537173179438
act,all,1,1,51,Occl,Task,0.476537128411108
act,all,1,1,52,Occl,Task,0.069636172391595
act,all,1,1,53,Occl,Task,-0.0651347643113211
act,all,1,1,54,Occl,Task,0.405752641856925
act,all,1,1,55,Occl,Task,0.147144143892214
act,all,1,1,56,Occl,Task,0.22722226475478
act,all,1,1,57,Occl,Task,1.15066987754626
act,all,1,1,58,Occl,Task,0.351363822605827
act,all,1,1,59,Occl,Task,0.0154244381916353
act,all,1,1,60,Occl,Task,0.136948830209151
act,all,1,1,61,Occl,Task,0.321802566275677
act,all,1,1,62,Occl,Task,-0.00841873001411315
act,all,1,1,63,Occl,Task,-0.081036952694811
act,all,1,1,64,Occl,Task,0.0340793023211914
act,all,1,1,65,Occl,Task,1.28433693868081
act,all,1,1,66,Occl,Task,-0.0307283139718795
act,all,1,1,67,Occl,Task,0.0422017436887563
act,all,1,1,68,Occl,Task,0.0694070016462542
act,all,1,1,69,Occl,Task,-0.0480443370700181
act,all,1,1,70,Occl,Task,-0.195607995825107
act,all,1,1,71,Occl,Task,1.99497550783275
act,all,1,1,72,Occl,Task,0.73674943262514
act,all,1,1,73,Occl,Task,-0.118874889627471
act,all,1,1,74,Occl,Task,-0.37915650545258
act,all,1,1,75,Occl,Task,0.191835137775324
act,all,1,1,76,Occl,Task,2.25588563155566
act,all,1,1,77,Occl,Task,0.302043686565851
act,all,1,1,78,Occl,Task,0.0469423779114877
act,all,1,1,79,Occl,Task,-0.192606849334718
act,all,1,1,80,Occl,Task,0.268956052649575
act,all,1,1,81,Occl,Task,-0.209020125315976
act,all,1,1,82,Occl,Task,0.0243874568598374
act,all,1,1,83,Occl,Task,-0.00762650131897036
act,all,1,1,84,Occl,Task,2.30089578026058
act,all,1,1,85,Occl,Task,-0.13656582713351
act,all,1,1,86,Occl,Task,0.924553863441202
act,all,1,1,87,Occl,Task,-0.0759514825607296
act,all,1,1,88,Occl,Task,-0.12912986350595
act,all,1,1,89,Occl,Task,-0.144726446727979
act,all,1,1,90,Occl,Task,0.48797128965578
act,all,1,1,91,Occl,Task,2.79330465190962
act,all,1,1,92,Occl,Task,-0.073741892293822
act,all,1,1,93,Occl,Task,0.294425303157095
act,all,1,1,94,Occl,Task,0.123380010530932
act,all,1,1,95,Occl,Task,0.729401147013371
act,all,1,1,96,Occl,Task,0.0508679737482519
act,all,1,1,97,Occl,Task,0.0561680224288945
act,all,1,1,98,Occl,Task,0.168924012972567
act,all,1,1,99,Occl,Task,-0.0697596428953605
act,all,1,1,100,Occl,Task,0.368387299087994
act,all,1,1,101,Occl,Task,0.0803900459826227
act,all,1,1,102,Occl,Task,0.25159817888838
act,all,1,1,103,Occl,Task,-0.0778576399919898
act,all,1,1,104,Occl,Task,0.00809759995485414
act,all,1,1,105,Occl,Task,0.531474399729442
act,all,1,1,106,Occl,Task,0.142178584189393
act,all,1,1,107,Occl,Task,0.0915515422156166
act,all,1,1,108,Occl,Task,0.00295302488310573
act,all,1,1,109,Occl,Task,0.110140851888695
act,all,1,1,110,Occl,Task,-0.0848799095693385
act,all,2,2,1,Occl,Task,1.27474791556892
act,all,2,2,2,Occl,Task,0.324877136886091
act,all,2,2,3,Occl,Task,-0.562690722335859
act,all,2,2,4,Occl,Task,0.0306331057626158
act,all,2,2,5,Occl,Task,0.0608004270943256
act,all,2,2,6,Occl,Task,0.326366251086592
act,all,2,2,7,Occl,Task,-0.0386645855609895
act,all,2,2,8,Occl,Task,0.0965757167129418
act,all,2,2,9,Occl,Task,0.182246107205921
act,all,2,2,10,Occl,Task,0.412846406921209
act,all,2,2,11,Occl,Task,-0.0838450301925399
act,all,2,2,12,Occl,Task,0.0891968526393711
act,all,2,2,13,Occl,Task,0.0575225591781729
act,all,2,2,14,Occl,Task,0.0403553808355289
act,all,2,2,15,Occl,Task,-0.0205540672564452
act,all,2,2,16,Occl,Task,0.222198654243301
act,all,2,2,17,Occl,Task,1.36743888037502
act,all,2,2,18,Occl,Task,0.023612276207138
act,all,2,2,19,Occl,Task,-0.0473933109138618
act,all,2,2,20,Occl,Task,-0.112665055843162
act,all,2,2,21,Occl,Task,0.416875505597275
act,all,2,2,22,Occl,Task,-0.0144080386566824
act,all,2,2,23,Occl,Task,0.0288679904142894
act,all,2,2,24,Occl,Task,0.0931659347970674
act,all,2,2,25,Occl,Task,0.091165103348794
act,all,2,2,26,Occl,Task,0.0984296015668187
act,all,2,2,27,Occl,Task,-0.210807720392897
act,all,2,2,28,Occl,Task,0.0287064573771085
act,all,2,2,29,Occl,Task,0.0427072659438047
act,all,2,2,30,Occl,Task,1.01350951253107
act,all,2,2,31,Occl,Task,0.123174915247294
act,all,2,2,32,Occl,Task,1.87836994609405
act,all,2,2,33,Occl,Task,-0.189654846867991
act,all,2,2,34,Occl,Task,0.860537277104798
act,all,2,2,35,Occl,Task,-0.0414685790549342
act,all,2,2,36,Occl,Task,0.0098727223944752
act,all,2,2,37,Occl,Task,-0.202847930859487
act,all,2,2,38,Occl,Task,-0.162725085723012
act,all,2,2,39,Occl,Task,-0.316507380382584
act,all,2,2,40,Occl,Task,-0.0371479705359412
act,all,2,2,41,Occl,Task,0.199989943171957
act,all,2,2,42,Occl,Task,0.315436498840014
act,all,2,2,43,Occl,Task,1.76906131058121
act,all,2,2,44,Occl,Task,-0.0174816044855941
act,all,2,2,45,Occl,Task,0.479793987465491
act,all,2,2,46,Occl,Task,-0.19127883120542
act,all,2,2,47,Occl,Task,-0.345182891009576
act,all,2,2,48,Occl,Task,-0.155412619806664
act,all,2,2,49,Occl,Task,0.300555861481961
act,all,2,2,50,Occl,Task,0.0164832360502393
act,all,2,2,51,Occl,Task,0.10066873274378
act,all,2,2,52,Occl,Task,0.132898753704163
act,all,2,2,53,Occl,Task,-0.0791123382161921
act,all,2,2,54,Occl,Task,0.104685737954397
act,all,2,2,55,Occl,Task,0.191681764909551
act,all,2,2,56,Occl,Task,0.224300181748316
act,all,2,2,57,Occl,Task,0.573925849182758
act,all,2,2,58,Occl,Task,0.0609632374765248
act,all,2,2,59,Occl,Task,0.0261266592279958
act,all,2,2,60,Occl,Task,0.0579917851541365
act,all,2,2,61,Occl,Task,0.0806933332884734
act,all,2,2,62,Occl,Task,-0.36234592702517
act,all,2,2,63,Occl,Task,0.412590287579596
act,all,2,2,64,Occl,Task,-0.0122064838154556
act,all,2,2,65,Occl,Task,2.35303877102916
act,all,2,2,66,Occl,Task,-0.00648418713282198
act,all,2,2,67,Occl,Task,0.0137840852686241
act,all,2,2,68,Occl,Task,0.173990319710144
act,all,2,2,69,Occl,Task,0.11863481084161
act,all,2,2,70,Occl,Task,-0.192353230122608
act,all,2,2,71,Occl,Task,2.56044256347003
act,all,2,2,72,Occl,Task,0.935198162626169
act,all,2,2,73,Occl,Task,-0.0112053420645537
act,all,2,2,74,Occl,Task,-0.1717703276166
act,all,2,2,75,Occl,Task,1.3684173633836
act,all,2,2,76,Occl,Task,3.06755522800622
act,all,2,2,77,Occl,Task,0.673969823312352
act,all,2,2,78,Occl,Task,0.134564007683014
act,all,2,2,79,Occl,Task,-0.158634426792093
act,all,2,2,80,Occl,Task,0.221218445691648
act,all,2,2,81,Occl,Task,0.0440163949284201
act,all,2,2,82,Occl,Task,0.0444216341864325
act,all,2,2,83,Occl,Task,0.02057873554928
act,all,2,2,84,Occl,Task,2.7373427631459
act,all,2,2,85,Occl,Task,-0.186764137591608
act,all,2,2,86,Occl,Task,0.992051798142208
act,all,2,2,87,Occl,Task,0.00810814439958638
act,all,2,2,88,Occl,Task,0.653837165643499
act,all,2,2,89,Occl,Task,-0.10892237081292
act,all,2,2,90,Occl,Task,0.557072983884266
act,all,2,2,91,Occl,Task,2.98759902979567
act,all,2,2,92,Occl,Task,-0.30964902175693
act,all,2,2,93,Occl,Task,0.0406339867043492
act,all,2,2,94,Occl,Task,0.381533872933805
act,all,2,2,95,Occl,Task,0.801545690443179
act,all,2,2,96,Occl,Task,-0.0246367379819754
act,all,2,2,97,Occl,Task,-0.0850464539023884
act,all,2,2,98,Occl,Task,0.0697624083022341
act,all,2,2,99,Occl,Task,0.118083105775494
act,all,2,2,100,Occl,Task,0.0718394009838614
act,all,2,2,101,Occl,Task,-0.164022254519198
act,all,2,2,102,Occl,Task,0.268545748667192
act,all,2,2,103,Occl,Task,-0.119373433553674
act,all,2,2,104,Occl,Task,0.0603531783540912
act,all,2,2,105,Occl,Task,0.341178344695304
act,all,2,2,106,Occl,Task,0.161037051812897
act,all,2,2,107,Occl,Task,0.156989471858235
act,all,2,2,108,Occl,Task,0.199614887461778
act,all,2,2,109,Occl,Task,0.107644919382371
act,all,2,2,110,Occl,Task,-0.209141552008056
act,all,3,3,1,Occl,Task,1.56283900439315
act,all,3,3,2,Occl,Task,0.424123249042694
act,all,3,3,3,Occl,Task,-0.145868683601989
act,all,3,3,4,Occl,Task,0.00918667631549663
act,all,3,3,5,Occl,Task,-0.110882814785387
act,all,3,3,6,Occl,Task,0.267175975788965
act,all,3,3,7,Occl,Task,0.112638560356976
act,all,3,3,8,Occl,Task,0.0371020897432538
act,all,3,3,9,Occl,Task,0.162176033255314
act,all,3,3,10,Occl,Task,1.64619342250859
act,all,3,3,11,Occl,Task,0.459469009409982
act,all,3,3,12,Occl,Task,0.0975733305468193
act,all,3,3,13,Occl,Task,0.0493733517580902
act,all,3,3,14,Occl,Task,-0.110499213368438
act,all,3,3,15,Occl,Task,0.53435244388399
act,all,3,3,16,Occl,Task,0.382085763570177
act,all,3,3,17,Occl,Task,0.434197202280857
act,all,3,3,18,Occl,Task,-0.125539213034373
act,all,3,3,19,Occl,Task,-0.0354618704785826
act,all,3,3,20,Occl,Task,0.000311361899445702
act,all,3,3,21,Occl,Task,0.290845121933536
act,all,3,3,22,Occl,Task,-0.069529801766452
act,all,3,3,23,Occl,Task,0.0583813546034167
act,all,3,3,24,Occl,Task,-0.248069415266423
act,all,3,3,25,Occl,Task,0.161701807025066
act,all,3,3,26,Occl,Task,0.173112958549305
act,all,3,3,27,Occl,Task,0.23070696703157
act,all,3,3,28,Occl,Task,-0.0737525776420777
act,all,3,3,29,Occl,Task,0.00725820477938843
act,all,3,3,30,Occl,Task,0.721210066120119
act,all,3,3,31,Occl,Task,1.07637659097671
act,all,3,3,32,Occl,Task,1.31386260926657
act,all,3,3,33,Occl,Task,-0.0832641014151875
act,all,3,3,34,Occl,Task,0.598267318546242
act,all,3,3,35,Occl,Task,0.0169721387173277
act,all,3,3,36,Occl,Task,-0.117144374068745
act,all,3,3,37,Occl,Task,-0.582044945717765
act,all,3,3,38,Occl,Task,0.0788947785025035
act,all,3,3,39,Occl,Task,-0.400990427903348
act,all,3,3,40,Occl,Task,0.329807573490794
act,all,3,3,41,Occl,Task,-0.0740664643700766
act,all,3,3,42,Occl,Task,0.735498156759964
act,all,3,3,43,Occl,Task,0.612675475025127
act,all,3,3,44,Occl,Task,0.0786534191194362
act,all,3,3,45,Occl,Task,0.0840419448177242
act,all,3,3,46,Occl,Task,-0.0322656295010181
act,all,3,3,47,Occl,Task,0.156502176910798
act,all,3,3,48,Occl,Task,0.187948274678978
act,all,3,3,49,Occl,Task,-0.165918254107936
act,all,3,3,50,Occl,Task,0.106582692675609
act,all,3,3,51,Occl,Task,0.64429947855043
act,all,3,3,52,Occl,Task,0.188103414064873
act,all,3,3,53,Occl,Task,-0.33701413802715
act,all,3,3,54,Occl,Task,0.0834283725689796
act,all,3,3,55,Occl,Task,0.371839779016468
act,all,3,3,56,Occl,Task,0.0846839469928729
act,all,3,3,57,Occl,Task,0.773659406309342
act,all,3,3,58,Occl,Task,0.356572618843229
act,all,3,3,59,Occl,Task,0.0787125637780242
act,all,3,3,60,Occl,Task,0.181724654811667
act,all,3,3,61,Occl,Task,0.194775713086079
act,all,3,3,62,Occl,Task,-0.033619565902428
act,all,3,3,63,Occl,Task,0.187262342644477
act,all,3,3,64,Occl,Task,-0.00358207185043649
act,all,3,3,65,Occl,Task,1.54433389510776
act,all,3,3,66,Occl,Task,-0.0793479697024203
act,all,3,3,67,Occl,Task,0.0758463566341329
act,all,3,3,68,Occl,Task,0.0944126268966577
act,all,3,3,69,Occl,Task,-0.0552477530525445
act,all,3,3,70,Occl,Task,-0.051339232358734
act,all,3,3,71,Occl,Task,2.00332493158273
act,all,3,3,72,Occl,Task,0.451971404289623
act,all,3,3,73,Occl,Task,-0.0873852766313163
act,all,3,3,74,Occl,Task,-0.172333543273366
act,all,3,3,75,Occl,Task,0.264771417651832
act,all,3,3,76,Occl,Task,2.18706218937074
act,all,3,3,77,Occl,Task,0.256980529568264
act,all,3,3,78,Occl,Task,0.162725509642973
act,all,3,3,79,Occl,Task,-0.0942691543721902
act,all,3,3,80,Occl,Task,0.115343365516628
act,all,3,3,81,Occl,Task,0.051133046616965
act,all,3,3,82,Occl,Task,0.0225307506953592
act,all,3,3,83,Occl,Task,0.101959232709551
act,all,3,3,84,Occl,Task,2.38613028339288
act,all,3,3,85,Occl,Task,-0.0186754592539713
act,all,3,3,86,Occl,Task,1.0232484619948
act,all,3,3,87,Occl,Task,-0.01672306671328
act,all,3,3,88,Occl,Task,0.150060058773597
act,all,3,3,89,Occl,Task,-0.265215634863859
act,all,3,3,90,Occl,Task,0.495659672072761
act,all,3,3,91,Occl,Task,1.65514376597862
act,all,3,3,92,Occl,Task,0.0424224783689948
act,all,3,3,93,Occl,Task,0.519140448542745
act,all,3,3,94,Occl,Task,0.426825693401774
act,all,3,3,95,Occl,Task,0.528311908956803
act,all,3,3,96,Occl,Task,-0.0221388731070177
act,all,3,3,97,Occl,Task,-0.0453655054137952
act,all,3,3,98,Occl,Task,-0.0232153869919194
act,all,3,3,99,Occl,Task,-0.216947718629187
act,all,3,3,100,Occl,Task,0.278908260218101
act,all,3,3,101,Occl,Task,-0.157744263568835
act,all,3,3,102,Occl,Task,-0.0468497339427048
act,all,3,3,103,Occl,Task,-0.00419231055705827
act,all,3,3,104,Occl,Task,0.0128776964225538
act,all,3,3,105,Occl,Task,0.254385082089588
act,all,3,3,106,Occl,Task,0.0717461032999041
act,all,3,3,107,Occl,Task,0.0915413668476415
act,all,3,3,108,Occl,Task,0.0739560803240442
act,all,3,3,109,Occl,Task,-0.0941904513420994
act,all,3,3,110,Occl,Task,0.163316606853501
act,all,4,4,1,Occl,Task,1.02526226894359
act,all,4,4,2,Occl,Task,0.289956294258962
act,all,4,4,3,Occl,Task,-0.436632653400461
act,all,4,4,4,Occl,Task,-0.0334447242798405
act,all,4,4,5,Occl,Task,-0.0568148245205765
act,all,4,4,6,Occl,Task,0.297734373779337
act,all,4,4,7,Occl,Task,-0.0997081382762428
act,all,4,4,8,Occl,Task,0.115869209980106
act,all,4,4,9,Occl,Task,0.0732063943733109
act,all,4,4,10,Occl,Task,0.906362800364015
act,all,4,4,11,Occl,Task,-0.0910250283349213
act,all,4,4,12,Occl,Task,0.0756873767414336
act,all,4,4,13,Occl,Task,9.06968083433934e-05
act,all,4,4,14,Occl,Task,0.0940294974407709
act,all,4,4,15,Occl,Task,0.341362280356889
act,all,4,4,16,Occl,Task,0.508584009519252
act,all,4,4,17,Occl,Task,1.41960467216213
act,all,4,4,18,Occl,Task,-0.106647333343378
act,all,4,4,19,Occl,Task,0.0234051012387219
act,all,4,4,20,Occl,Task,-0.107530417309773
act,all,4,4,21,Occl,Task,0.246538625360002
act,all,4,4,22,Occl,Task,-0.187550699194273
act,all,4,4,23,Occl,Task,-0.0138229121580919
act,all,4,4,24,Occl,Task,-0.353331099075058
act,all,4,4,25,Occl,Task,0.0256209085470444
act,all,4,4,26,Occl,Task,-0.015600914937777
act,all,4,4,27,Occl,Task,-0.0540174032065329
act,all,4,4,28,Occl,Task,0.145001426270748
act,all,4,4,29,Occl,Task,0.529833647503343
act,all,4,4,30,Occl,Task,1.39361179448413
act,all,4,4,31,Occl,Task,0.211491346630107
act,all,4,4,32,Occl,Task,1.85461737425958
act,all,4,4,33,Occl,Task,-0.25907437628685
act,all,4,4,34,Occl,Task,0.484123009293483
act,all,4,4,35,Occl,Task,-0.180251973654268
act,all,4,4,36,Occl,Task,-0.0706345671428233
act,all,4,4,37,Occl,Task,-0.290456099549034
act,all,4,4,38,Occl,Task,-0.0177805697277596
act,all,4,4,39,Occl,Task,-0.13107598835713
act,all,4,4,40,Occl,Task,0.356172840576087
act,all,4,4,41,Occl,Task,0.00884665632397694
act,all,4,4,42,Occl,Task,0.232970820060477
act,all,4,4,43,Occl,Task,1.01378181409413
act,all,4,4,44,Occl,Task,0.0110645347343964
act,all,4,4,45,Occl,Task,0.445688215395318
act,all,4,4,46,Occl,Task,0.209802011636247
act,all,4,4,47,Occl,Task,0.470686222081763
act,all,4,4,48,Occl,Task,-0.0175580830348367
act,all,4,4,49,Occl,Task,-0.0284101070309078
act,all,4,4,50,Occl,Task,0.162421901516597
act,all,4,4,51,Occl,Task,0.113949191401006
act,all,4,4,52,Occl,Task,0.109805545802885
act,all,4,4,53,Occl,Task,0.0411181438784621
act,all,4,4,54,Occl,Task,0.726941802051824
act,all,4,4,55,Occl,Task,0.180149499502991
act,all,4,4,56,Occl,Task,-0.00165571923571839
act,all,4,4,57,Occl,Task,2.13132913625953
act,all,4,4,58,Occl,Task,-0.0201585923872687
act,all,4,4,59,Occl,Task,0.036372914900882
act,all,4,4,60,Occl,Task,0.201815920594342
act,all,4,4,61,Occl,Task,-0.0246999113338933
act,all,4,4,62,Occl,Task,0.0139191103391592
act,all,4,4,63,Occl,Task,-0.0192999091629839
act,all,4,4,64,Occl,Task,0.129111345713011
act,all,4,4,65,Occl,Task,1.66506789325503
act,all,4,4,66,Occl,Task,0.0183499325841572
act,all,4,4,67,Occl,Task,-0.0122342298480521
act,all,4,4,68,Occl,Task,0.304962608677345
act,all,4,4,69,Occl,Task,-0.0688707893632646
act,all,4,4,70,Occl,Task,-0.130925994107587
act,all,4,4,71,Occl,Task,2.47113694121929
act,all,4,4,72,Occl,Task,0.28985174663473
act,all,4,4,73,Occl,Task,-0.0736692181551852
act,all,4,4,74,Occl,Task,-0.299676731444842
act,all,4,4,75,Occl,Task,0.853471117957949
act,all,4,4,76,Occl,Task,2.83907551603616
act,all,4,4,77,Occl,Task,0.590045365369091
act,all,4,4,78,Occl,Task,0.0124310357775507
act,all,4,4,79,Occl,Task,-0.194244305578024
act,all,4,4,80,Occl,Task,0.185080635834235
act,all,4,4,81,Occl,Task,0.0814839623786964
act,all,4,4,82,Occl,Task,0.00823912795137965
act,all,4,4,83,Occl,Task,-0.150068768807673
act,all,4,4,84,Occl,Task,2.65161153813118
act,all,4,4,85,Occl,Task,0.160933175911033
act,all,4,4,86,Occl,Task,0.833760891388182
act,all,4,4,87,Occl,Task,0.133715011668357
act,all,4,4,88,Occl,Task,-0.118082575679397
act,all,4,4,89,Occl,Task,-0.166892834413934
act,all,4,4,90,Occl,Task,0.490157365836709
act,all,4,4,91,Occl,Task,2.74109741630886
act,all,4,4,92,Occl,Task,-0.0431265618613655
act,all,4,4,93,Occl,Task,0.0754557953397332
act,all,4,4,94,Occl,Task,0.187213254096862
act,all,4,4,95,Occl,Task,0.434567481645743
act,all,4,4,96,Occl,Task,-0.0082492038955447
act,all,4,4,97,Occl,Task,0.197224421379626
act,all,4,4,98,Occl,Task,0.005982713478761
act,all,4,4,99,Occl,Task,-0.370013733990924
act,all,4,4,100,Occl,Task,0.181649679813482
act,all,4,4,101,Occl,Task,0.360103975947846
act,all,4,4,102,Occl,Task,0.183467482631125
act,all,4,4,103,Occl,Task,-0.0699090149142834
act,all,4,4,104,Occl,Task,-0.0156397012865526
act,all,4,4,105,Occl,Task,0.177106469537879
act,all,4,4,106,Occl,Task,0.135120098482847
act,all,4,4,107,Occl,Task,0.0658203814373896
act,all,4,4,108,Occl,Task,0.243118349648126
act,all,4,4,109,Occl,Task,-0.0234969671742778
act,all,4,4,110,Occl,Task,-0.0530399183645876
