candidate_idx,search_group,receives_context_familiar,receives_context_novel,w_ff_0,w_ff_1,w_fb_0,w_fb_1,w_lat_0,w_lat_1,w_pv_lat_0,w_pv_lat_1,full_familiar_naive,occlusion_familiar_naive,full_novel_naive,occlusion_novel_naive,full_familiar_expert,occlusion_familiar_expert,full_novel_expert,occlusion_novel_expert,assigned_target,assigned_objective,assigned_rmse,assigned_mismatch_penalty,assigned_transition_bonus,second_target,second_objective,objective_gap,familiar,novel,familiar_naive_state,familiar_expert_state,novel_naive_state,novel_expert_state,familiar_naive_responsive,familiar_expert_responsive,novel_naive_responsive,novel_expert_responsive,familiar_naive_ff_scalar,familiar_naive_fb_scalar,familiar_expert_ff_scalar,familiar_expert_fb_scalar,novel_naive_ff_scalar,novel_naive_fb_scalar,novel_expert_ff_scalar,novel_expert_fb_scalar,familiar_transition,novel_transition,objective__FF_FB_broad,rmse__FF_FB_broad,mismatch__FF_FB_broad,objective__FF_un,rmse__FF_un,mismatch__FF_un,objective__FF_FB_narrow_familiar,rmse__FF_FB_narrow_familiar,mismatch__FF_FB_narrow_familiar,objective__FF_FB_narrow_novel,rmse__FF_FB_narrow_novel,mismatch__FF_FB_narrow_novel,objective__un_FB,rmse__un_FB,mismatch__un_FB,objective__FB_FB,rmse__FB_FB,mismatch__FB_FB
1,standard,True,True,0.01,0.01,0.01,0.01,1.5,1.5,1.5,1.5,6.296139059003281e-07,2.7588069964205414e-06,2.351709955661363e-08,0.00013777467347608763,8.12987944793046e-06,0.005035518512401419,7.718835284625432e-05,0.0026255146808883485,un_FB,-0.18439686665247546,0.0,0,3.687937333049509,FF_FB_narrow_familiar,1.142225944879335,1.3266228115318106,unresponsive -> unresponsive,unresponsive -> unresponsive,0.0,0.0,0.0,0.0,False,False,False,False,0.0,-0.0,0.0,-0.0,0.0,-0.0,0.0,-0.0,unresponsive -> unresponsive,unresponsive -> unresponsive,2.755201124463678,1.1506621837615967,3,3.23238673142016,1.6278477907180786,3,1.142225944879335,0.7266338467597961,1,3.6053950744255503,2.6008450984954834,2,-0.18439686665247546,0.0,0,3.3323121107549536,1.147915244102478,4
1650,standard,True,True,0.015943745151162148,0.008569834753870964,0.014703379943966866,0.012808475643396378,1.6898553371429443,1.615781307220459,0.7220494151115417,2.0,5.150231451978016e-07,3.310382524546185e-06,6.9409043707147296e-12,0.00015264486937667244,7.575567260194779e-06,0.00511081523145549,6.524950305599001e-05,0.002513572553289123,un_FB,-0.18251240449303058,0.0019269094336777925,0,3.688786278534167,FF_FB_narrow_familiar,1.1422214052289235,1.324733809721954,unresponsive -> unresponsive,unresponsive -> unresponsive,0.0,0.0,0.0,0.0,False,False,False,False,0.0,-0.0,0.0,-0.0,0.0,-0.0,0.0,-0.0,unresponsive -> unresponsive,unresponsive -> unresponsive,2.7556983001790685,1.150815725326538,3,3.232835746582572,1.6279531717300415,3,1.1422214052289235,0.72667396068573,1,3.606038938101989,2.6011431217193604,2,-0.18251240449303058,0.0019269094336777925,0,3.33258975795747,1.1481504440307617,4
1647,standard,True,True,0.005024964455515146,0.007525823079049587,0.004323869943618774,0.008899128995835781,2.0,1.294271469116211,0.7151617407798767,1.3084440231323242,4.628564648593662e-07,1.2930440971577657e-06,8.80153184854247e-12,8.835560219040417e-05,6.657917127010175e-06,0.005030934216726261,9.032569928422163e-05,0.002400547802487078,un_FB,-0.18169429402925583,0.0032634446397423744,0,3.6991547733799637,FF_FB_narrow_familiar,1.1417959268545033,1.3234902208837591,unresponsive -> unresponsive,unresponsive -> unresponsive,0.0,0.0,0.0,0.0,False,False,False,False,0.0,-0.0,0.0,-0.0,0.0,-0.0,0.0,-0.0,unresponsive -> unresponsive,unresponsive -> unresponsive,2.7562158472934106,1.1511343717575073,3,3.2327961094775537,1.6277146339416504,3,1.1417959268545033,0.7267588376998901,1,3.6064000002971306,2.601313352584839,2,-0.18169429402925583,0.0032634446397423744,0,3.3350057561708293,1.150048017501831,4
1630,standard,True,True,0.0035933521576225758,0.00833610724657774,0.007300799246877432,0.010009023360908031,2.0,0.9185932278633118,2.0,1.280841588973999,5.16951742805342e-07,1.8301751855650158e-06,1.1900326006376281e-11,0.00011790216721389395,7.106098648061258e-06,0.005268690325707818,0.00011149346773891012,0.0026989524892997,un_FB,-0.18032280066444267,0.00350244902074337,0,3.6765049937037206,FF_FB_narrow_familiar,1.1427243863821075,1.32304718704655,unresponsive -> unresponsive,unresponsive -> unresponsive,0.0,0.0,0.0,0.0,False,False,False,False,0.0,-0.0,0.0,-0.0,0.0,-0.0,0.0,-0.0,unresponsive -> unresponsive,unresponsive -> unresponsive,2.7545398558824266,1.1496398448944092,3,3.2326200093476976,1.6277199983596802,3,1.1427243863821075,0.7265569567680359,1,3.6051082231835108,2.600200891494751,2,-0.18032280066444267,0.00350244902074337,0,3.32972740651502,1.145902156829834,4
1580,standard,True,True,0.017904235050082207,0.011928793042898178,0.021520813927054405,0.016246315091848373,1.5297280550003052,2.0,1.0543252229690552,1.4575262069702148,5.536534878558541e-07,4.693255446378923e-06,1.9935574987102928e-08,0.00019435877751069106,8.026173876866475e-06,0.005303400398891729,3.9624931105208816e-05,0.00261542136092127,un_FB,-0.1798532647765228,0.003910987637937069,0,3.675285048289197,FF_FB_narrow_familiar,1.1428002169801363,1.322653481756659,unresponsive -> unresponsive,unresponsive -> unresponsive,0.0,0.0,0.0,0.0,False,False,False,False,0.0,-0.0,0.0,-0.0,0.0,-0.0,0.0,-0.0,unresponsive -> unresponsive,unresponsive -> unresponsive,2.7552499849762135,1.1502721309661865,3,3.2332375128235036,1.6282596588134766,3,1.1428002169801363,0.7265832424163818,1,3.6059611732354258,2.6009645462036133,2,-0.1798532647765228,0.003910987637937069,0,3.3295004699132393,1.1457362174987793,4
1032,standard,True,True,0.0633833259344101,0.00016055439482443035,0.015910785645246506,0.0001006720558507368,1.479056715965271,0.46293365955352783,0.00012661160144489259,0.026324713602662086,9.7454089564053e-05,3.9692397604085275e-05,8.049742279562603e-07,7.919402606451817e-05,9.411807440073972e-06,0.010644764263027658,0.00014962711472132166,0.004012200494374459,un_FB,-0.08859422031268877,0.08173855394124985,0,3.406655485078772,FF_FB_narrow_familiar,1.1571699274313232,1.245764147744012,unresponsive -> unresponsive,unresponsive -> unresponsive,0.0,0.0,0.0,0.0,False,False,False,False,0.0,-0.0,0.0,-0.0,0.0,-0.0,0.0,-0.0,unresponsive -> unresponsive,unresponsive -> unresponsive,2.7476463426814766,1.1347345113754272,3,3.2444470037685127,1.6315351724624634,3,1.1571699274313232,0.7278925180435181,1,3.6075747380268544,2.594273090362549,2,-0.08859422031268877,0.08173855394124985,0,3.2711742964707353,1.1008415222167969,4
1512,standard,True,True,0.07801695913076401,0.0001233027142006904,0.0027687400579452515,0.0011079268297180533,0.00010089934949064627,1.3262643814086914,0.07658997923135757,0.0020453219767659903,0.001994851914711641,0.0008268986198042209,0.0002836119456333108,0.0004555222529840345,0.0035272548052792748,0.009470125153893606,0.0002105844627294573,0.006750294626302397,un_FB,-0.058813247924414724,0.10384516417980194,0,3.253168242084333,FF_FB_narrow_familiar,1.1199548864403974,1.1787681343648122,unresponsive -> unresponsive,unresponsive -> unresponsive,0.0,0.0,0.0,0.0,False,False,False,False,0.0,-0.0,0.0,-0.0,0.0,-0.0,0.0,-0.0,unresponsive -> unresponsive,unresponsive -> unresponsive,2.7106804284516026,1.1101415157318115,3,3.2102181348267247,1.6096792221069336,3,1.1199548864403974,0.6905927062034607,1,3.592317920979834,2.5837996006011963,2,-0.058813247924414724,0.10384516417980194,0,3.243321854715911,1.0806634426116943,4
730,standard,True,True,0.002381088212132454,0.0014942351263016462,0.0024995822459459305,0.007970480248332024,0.03689414635300636,0.0001024977391352877,0.003878091461956501,0.0003107791708316654,0.0019065143288268397,0.003723153363292416,0.0028916951346521576,0.003539158869534731,0.008706997199139248,0.01626148520347973,0.011367124621756375,0.01243942358220617,un_FB,0.17618717278043428,0.3042607307434082,0,2.5614711592594785,FF_FB_narrow_familiar,1.1819491542254885,1.0057619814450542,unresponsive -> unresponsive,unresponsive -> unresponsive,0.0,0.0,0.0,0.0,False,False,False,False,0.0,-0.0,0.0,-0.0,0.0,-0.0,0.0,-0.0,unresponsive -> unresponsive,unresponsive -> unresponsive,2.569847759294013,0.9767282605171204,3,3.1131058898443977,1.5199863910675049,3,1.1819491542254885,0.7249153256416321,1,3.4401665292680264,2.432154417037964,2,0.17618717278043428,0.3042607307434082,0,3.1019193378587566,0.9738457798957825,4
360,standard,True,True,0.08503932505846024,0.0008435979834757745,0.004380124155431986,0.008274154737591743,0.00338693312369287,0.026367496699094772,0.00010137639765162021,1.6360573768615723,0.013742159516550601,0.003850601826949666,0.0019684828924558437,0.003660609091942509,0.010212201403919607,0.015997133225513,0.00717017927672714,0.012140458690313001,un_FB,0.23314662161283195,0.3420659005641937,0,2.1783855790272355,FF_FB_narrow_familiar,0.991015292191878,0.757868670579046,unresponsive -> unresponsive,unresponsive -> unresponsive,0.0,0.0,0.0,0.0,False,False,False,False,0.0,-0.0,0.0,-0.0,0.0,-0.0,0.0,-0.0,unresponsive -> unresponsive,unresponsive -> unresponsive,2.507959729883199,0.9350519180297852,3,3.0375536744327594,1.4646458625793457,3,0.991015292191878,0.5549032092094421,1,3.5146554244526973,2.486778974533081,2,0.23314662161283195,0.3420659005641937,0,3.096859709592536,0.9879404306411743,4
1078,standard,True,True,0.00041430306737311184,0.009339416399598122,0.003384795505553484,0.014087625779211521,0.00015639158664271235,0.0019059167243540287,0.00010868575191125274,0.0006772835040464997,0.002700272792329391,0.00410107981103162,0.004953083236857007,0.0044184966400886575,0.013234681469233086,0.01637649756545822,0.01354731897978733,0.01346042804264774,un_FB,0.24383597169847537,0.36588001251220703,0,2.440880816274633,FF_FB_narrow_familiar,1.186825725940677,0.9429897542422015,unresponsive -> unresponsive,unresponsive -> unresponsive,0.0,0.0,0.0,0.0,False,False,False,False,0.0,-0.0,0.0,-0.0,0.0,-0.0,0.0,-0.0,unresponsive -> unresponsive,unresponsive -> unresponsive,2.5254818667269623,0.9379318356513977,3,3.0709057916499054,1.4833557605743408,3,1.186825725940677,0.7252740859985352,1,3.3938059204490854,2.3898515701293945,2,0.24383597169847537,0.36588001251220703,0,3.0964793702509876,0.9744353294372559,4
1541,standard,True,True,0.0007439665496349335,1.2199387550354004,0.07363846898078918,0.03688321262598038,0.0009246881818398833,1.6845829486846924,0.0911397784948349,0.0007347198552452028,0.0039134820291868285,0.004816088373384749,0.012771640372617792,0.003331144782714546,0.0026108451168208075,0.01899297336349264,0.012425286881625652,0.011281407038525988,un_FB,0.25599941165419293,0.3579874336719513,0,2.039760440355167,FF_FB_narrow_familiar,1.2159204665144594,0.9599210548602665,unresponsive -> unresponsive,unresponsive -> unresponsive,0.0,0.0,0.0,0.0,False,False,False,False,0.0,-0.0,0.0,-0.0,0.0,-0.0,0.0,-0.0,unresponsive -> unresponsive,unresponsive -> unresponsive,2.454114278627094,0.876154363155365,3,2.9997689927346074,1.4218090772628784,3,1.2159204665144594,0.7371728420257568,1,3.325302062086606,2.328077793121338,2,0.25599941165419293,0.3579874336719513,0,3.075830523658078,0.9738425016403198,4
890,standard,True,True,0.0038942242972552776,0.0005880667013116181,0.00010065083915833384,0.03659658506512642,0.042579956352710724,0.0019667744636535645,0.0010982196545228362,0.7445945739746094,0.0019125685755473872,0.0036334661728081603,0.006023940059822053,0.006694216514006257,0.007778903535412004,0.015946527597649644,0.015491563861723989,0.017047743778675795,un_FB,0.266420356137678,0.3797764480113983,0,2.267121837474406,FF_FB_narrow_familiar,1.2308639391946297,0.9644435830569517,unresponsive -> unresponsive,unresponsive -> unresponsive,0.0,0.0,0.0,0.0,False,False,False,False,0.0,-0.0,0.0,-0.0,0.0,-0.0,0.0,-0.0,unresponsive -> unresponsive,unresponsive -> unresponsive,2.495481395131598,0.918339192867279,3,3.0522023075881104,1.4750601053237915,3,1.2308639391946297,0.7587538957595825,1,3.3406073795165865,2.348931312561035,2,0.266420356137678,0.3797764480113983,0,3.0475194834638386,0.9341633915901184,4
34,standard,True,True,0.0056588537991046906,0.004308399278670549,0.034096669405698776,0.00012068362411810085,0.005587114952504635,0.00026953915948979557,0.06672335416078568,0.00010145634587388486,0.006446746049914509,0.007094574405346066,0.0028147631247217456,0.003475548951731374,0.015470373133818308,0.021194252212687083,0.010405699850525706,0.011298560129944235,un_FB,0.2843708185944706,0.3982449471950531,0,2.27748257201165,FF_FB_narrow_familiar,1.140721733495593,0.8563509149011224,unresponsive -> unresponsive,unresponsive -> unresponsive,0.0,0.0,0.0,0.0,False,False,False,False,0.0,-0.0,0.0,-0.0,0.0,-0.0,0.0,-0.0,unresponsive -> unresponsive,unresponsive -> unresponsive,2.5540929103891057,0.9554417729377747,3,3.1015742684404057,1.5029231309890747,3,1.140721733495593,0.6829741597175598,1,3.4785331887348243,2.4515037536621094,2,0.2843708185944706,0.3982449471950531,0,3.066312840720639,0.9524387121200562,4
1714,standard,True,True,0.39103633165359497,0.24427087604999542,0.023298025131225586,0.04396821931004524,0.2938077449798584,0.3308241367340088,0.4420068860054016,0.2366069108247757,0.021242197040313233,0.0016709118383005262,0.004323275678325444,0.004782240670950463,0.004799902526428923,0.015703964617569,0.005868069687858224,0.014983787538949401,un_FB,0.3177229236656179,0.4042985439300537,0,1.7315124052887165,FF_FB_narrow_familiar,0.9062511626631021,0.5885282389974842,unresponsive -> unresponsive,unresponsive -> unresponsive,0.0,0.0,0.0,0.0,False,False,False,False,0.0,-0.0,0.0,-0.0,0.0,-0.0,0.0,-0.0,unresponsive -> unresponsive,unresponsive -> unresponsive,2.434335142808656,0.8849436640739441,3,2.9584232275063793,1.4090317487716675,3,0.9062511626631021,0.4777955710887909,1,3.511571265431121,2.4772109985351562,2,0.3177229236656179,0.4042985439300537,0,3.1127000627573578,0.9944974780082703,4
2090,standard,True,True,0.00021570544049609452,9.999999747378752e-05,0.20994240045547485,0.3589734733104706,2.0,2.0,1.108154296875,2.0,3.4327035465982664e-07,0.006755397346569225,2.2402090523362025e-07,0.020281834741278242,1.5921375252977064e-05,0.015364242368377745,2.934193174060814e-06,0.02360901824819545,un_FB,0.3788714640579807,0.4468504786491394,0,1.3595802918231736,FF_FB_narrow_familiar,1.3458794919812742,0.9670080279232935,unresponsive -> unresponsive,unresponsive -> unresponsive,0.0,0.0,0.0,0.0,False,False,False,False,0.0,-0.0,0.0,-0.0,0.0,-0.0,0.0,-0.0,unresponsive -> unresponsive,unresponsive -> unresponsive,2.7435687526977386,1.1385756731033325,3,3.296690677098068,1.691697597503662,3,1.3458794919812742,0.8408800959587097,1,3.582423509160126,2.5504088401794434,2,0.3788714640579807,0.4468504786491394,0,2.809481776431979,0.7415027618408203,4
2117,standard,True,True,9.999999747378752e-05,9.999999747378752e-05,0.3282666802406311,0.30248674750328064,1.973771095275879,2.0,2.0,1.2569323778152466,7.4372996545927585e-06,0.013489125127671286,2.0688905415511273e-07,0.01692262285699447,1.6426400623004157e-05,0.021401193322769057,9.338934650789573e-07,0.02022875549737364,un_FB,0.4004447470069863,0.4563613533973694,0,1.1183321278076621,FF_FB_narrow_familiar,1.3399065889260793,0.939461841919093,unresponsive -> unresponsive,unresponsive -> unresponsive,0.0,0.0,0.0,0.0,False,False,False,False,0.0,-0.0,0.0,-0.0,0.0,-0.0,0.0,-0.0,unresponsive -> unresponsive,unresponsive -> unresponsive,2.726518486972247,1.1324522495269775,3,3.2892404546693905,1.695174217224121,3,1.3399065889260793,0.8458380699157715,1,3.6046828233177717,2.5606017112731934,2,0.4004447470069863,0.4563613533973694,0,2.7482063760398887,0.6922897696495056,4
1700,standard,True,True,1.3469927310943604,0.846053421497345,0.018905339762568474,0.06525914371013641,1.8010499477386475,0.7223738431930542,0.24567444622516632,0.3391636312007904,0.010620347084477543,1.764534272297169e-05,0.02298617681177954,0.0029015515154848497,0.0048660688839542365,0.00866761781508103,0.021819403565799197,0.009521962302581717,un_FB,0.4192791465902701,0.4910920560359955,0,1.4362581889145078,FF_FB_narrow_familiar,1.1989698695251718,0.7796907229349017,unresponsive -> unresponsive,unresponsive -> unresponsive,0.0,0.0,0.0,0.0,False,False,False,False,0.0,-0.0,0.0,-0.0,0.0,-0.0,0.0,-0.0,unresponsive -> unresponsive,unresponsive -> unresponsive,2.196139101893641,0.6896557211875916,3,2.6966013359138743,1.1901179552078247,3,1.1989698695251718,0.7132641673088074,1,3.090435439744033,2.1414706707000732,2,0.4192791465902701,0.4910920560359955,0,3.2804228510707616,1.1542346477508545,4
2102,standard,True,True,0.0002003784611588344,9.999999747378752e-05,0.38611069321632385,0.380659282207489,2.0,2.0,2.0,1.9090336561203003,3.2838985922249243e-05,0.014921983977546915,2.7385870560910537e-07,0.019075730276138833,1.87934624477748e-05,0.021824365369199464,1.8499309386281008e-06,0.021904118413416048,un_FB,0.4523963169233563,0.4969439208507538,0,0.8909520785479498,FF_FB_narrow_familiar,1.372552760428639,0.9201564435052827,unresponsive -> unresponsive,unresponsive -> unresponsive,0.0,0.0,0.0,0.0,False,False,False,False,0.0,-0.0,0.0,-0.0,0.0,-0.0,0.0,-0.0,unresponsive -> unresponsive,unresponsive -> unresponsive,2.7463791650862888,1.1409966945648193,3,3.311431435975571,1.7060489654541016,3,1.372552760428639,0.8671660423278809,1,3.6156578996224646,2.5602097511291504,2,0.4523963169233563,0.4969439208507538,0,2.6963102086408375,0.6517626047134399,4
0,standard,True,True,0.5,0.5,0.05,0.05,0.3,0.3,0.3,0.3,0.042226242204196754,0.004637195486187314,0.04440010308753699,0.005793386074947194,0.007983075198717415,0.019652614820127687,0.04868148232344538,0.01576503647568946,FF_FB_broad,-0.13131042559010286,0.0,0,2.6262085118020573,FF_un,0.49752626578944426,0.6288366913795471,FF -> unresponsive,FF -> FF,0.042226242204196754,0.0,0.04440010308753699,0.04868148232344538,True,False,True,True,0.042226242204196754,0.0,0.0,-0.0,0.04440010308753699,0.0,0.04868148232344538,0.0,FF -> unresponsive,FF -> FF,-0.13131042559010286,0.0,0,0.49752626578944426,0.6288366913795471,0,2.0003271629257746,0.9593112468719482,2,2.169406424292053,1.7318118810653687,1,2.76058306863221,1.1506621837615967,3,3.6467454844154417,1.4178262948989868,4
975,standard,True,True,0.309114545583725,0.23991826176643372,0.0029526290018111467,0.04381725564599037,0.00015269205323420465,0.00020852989109698683,0.0006715278723277152,0.00010894674778683111,0.05120105921911697,0.004062027002995213,0.04810853567129622,0.008047923981212079,0.01713948086447393,0.015254088394188632,0.05425141489443679,0.017412069439888,FF_FB_broad,0.04470565524728348,0.21754871308803558,0,3.456861156815042,FF_un,0.3368613531890636,0.2921556979417801,FF -> unresponsive,FF -> FF,0.05120105921911697,0.0,0.04810853567129622,0.05425141489443679,True,False,True,True,0.05120105921911697,0.0,0.0,-0.0,0.04810853567129622,0.0,0.05425141489443679,0.0,FF -> unresponsive,FF -> FF,0.04470565524728348,0.21754871308803558,0,0.3368613531890636,0.5097044110298157,0,2.077070205573303,1.040473461151123,2,2.1228649618802593,1.6909037828445435,1,2.9503206494962795,1.3089196681976318,3,3.815968816797249,1.5521697998046875,4
1677,standard,True,True,0.6348507404327393,0.7728650569915771,0.06381542980670929,0.08828680217266083,0.5135894417762756,0.6006516814231873,0.18269744515419006,0.19772621989250183,0.033222523207465805,0.004186871226799364,0.05051821821834892,0.010033725299096356,0.006297718091324593,0.01960777210770175,0.05421666617815693,0.0198784604940253,FF_FB_broad,0.056734222383238386,0.1934334933757782,0,2.733985419850796,FF_un,0.541277158469893,0.4845429360866546,FF -> unresponsive,FF -> FF,0.033222523207465805,0.0,0.05051821821834892,0.05421666617815693,True,False,True,True,0.033222523207465805,0.0,0.0,-0.0,0.05051821821834892,0.0,0.05421666617815693,0.0,FF -> unresponsive,FF -> FF,0.056734222383238386,0.1934334933757782,0,0.541277158469893,0.6779764294624329,0,2.1895745227656636,1.1073342561721802,2,1.967394768904584,1.5712039470672607,1,2.819445544970222,1.204315185546875,3,3.633687919762451,1.4151867628097534,4
655,standard,True,True,0.26303982734680176,0.3481177091598511,0.0004985947743989527,0.00010184468555962667,0.0036792592145502567,0.006713748909533024,0.022286543622612953,0.001497879158705473,0.042673565059279404,0.0038150857959408312,0.05781136699952185,0.0032441256723056235,0.0157671417381304,0.015051068198711921,0.06467963098548353,0.010485295027804872,FF_FB_broad,0.13371652280135699,0.33251136541366577,0,3.9758968522461755,FF_un,0.24932694350524492,0.11561042070388794,FF -> unresponsive,FF -> FF,0.042673565059279404,0.0,0.05781136699952185,0.06467963098548353,True,False,True,True,0.042673565059279404,0.0,0.0,-0.0,0.05781136699952185,0.0,0.06467963098548353,0.0,FF -> unresponsive,FF -> FF,0.13371652280135699,0.33251136541366577,0,0.24932694350524492,0.4481217861175537,0,2.3149359530691678,1.223766803741455,2,1.8611358916619793,1.4892364740371704,1,3.059806310222484,1.3979429006576538,3,4.005172280311429,1.6914664506912231,4
1742,standard,True,True,0.7197607159614563,0.842131495475769,0.04755660146474838,0.039358120411634445,0.2822975218296051,0.6849757432937622,0.2457355260848999,0.44521674513816833,0.06950819551323852,0.0029973903098531687,0.04535763166689624,0.003563546417475057,0.011745969698919605,0.0160052952162611,0.04484718276653439,0.011865662663088491,FF_FB_broad,0.21513946999330072,0.4025548994541168,0,3.7483085892163217,FF_un,0.311326286685653,0.09618681669235227,FF -> unresponsive,FF -> FF,0.06950819551323852,0.0,0.04535763166689624,0.04484718276653439,True,False,True,True,0.06950819551323852,0.0,0.0,-0.0,0.04535763166689624,0.0,0.04484718276653439,0.0,FF -> unresponsive,FF -> FF,0.21513946999330072,0.4025548994541168,0,0.311326286685653,0.4987417161464691,0,1.916501121649829,0.9430972933769226,2,2.414868432151464,1.9242510795593262,1,3.012110157116937,1.3606735467910767,3,3.9498158374762475,1.6492536067962646,4
1691,standard,True,True,0.6028229594230652,0.4104951322078705,0.07678253948688507,0.05756748467683792,0.2693244516849518,0.250484436750412,0.25894874334335327,0.4799313247203827,0.06710152739348511,0.00908936727209948,0.03871245441647867,0.007395844662096351,0.012064062900996457,0.023536239475167045,0.0404710727200533,0.01690002156731983,FF_FB_broad,0.247937222251979,0.3934348523616791,0,2.9099526021940014,FF_un,0.5269344349003707,0.2789972126483917,FF -> unresponsive,FF -> FF,0.06710152739348511,0.0,0.03871245441647867,0.0404710727200533,True,False,True,True,0.06710152739348511,0.0,0.0,-0.0,0.03871245441647867,0.0,0.0404710727200533,0.0,FF -> unresponsive,FF -> FF,0.247937222251979,0.3934348523616791,0,0.5269344349003707,0.6724320650100708,0,1.8513112774972493,0.8800747990608215,2,2.518068463099189,1.9951599836349487,1,2.9403715051322554,1.3007289171218872,3,3.7118271005456336,1.4830999374389648,4
175,standard,True,True,0.22539183497428894,0.3897719085216522,0.00486766779795289,0.004698166623711586,0.0011692087864503264,0.0001299285067943856,1.3604594469070435,0.0006536658038385212,0.037802540984315174,0.004129622729184727,0.0664218271151185,0.003513150274132689,0.014487583954663326,0.01559620931511745,0.07188314565767845,0.011115963737635563,FF_FB_broad,0.25409349500356865,0.475116103887558,0,4.4204521776797865,FF_un,0.2756845027130718,0.021591007709503174,FF -> unresponsive,FF -> FF,0.037802540984315174,0.0,0.0664218271151185,0.07188314565767845,True,False,True,True,0.037802540984315174,0.0,0.0,-0.0,0.0664218271151185,0.0,0.07188314565767845,0.0,FF -> unresponsive,FF -> FF,0.25409349500356865,0.475116103887558,0,0.2756845027130718,0.49670711159706116,0,2.5188611959340053,1.3866639137268066,2,1.6510341126704589,1.3208465576171875,1,3.1946077549442027,1.5112003087997437,3,4.111935478076338,1.7784303426742554,4
1119,standard,True,True,0.41823866963386536,0.14699195325374603,0.001204608241096139,0.18874411284923553,0.21774853765964508,0.0002201697789132595,1.8342951536178589,1.3100637197494507,0.0348483099291722,0.002695047608964766,0.04772066390141845,0.02745749691190819,0.009504112387852122,0.013107237823229903,0.051934456926149626,0.036092447908595206,FF_FB_broad,0.3331964910767662,0.44888898730278015,0,2.3138499245202793,FF_un,0.7327530384801018,0.39955654740333557,FF -> unresponsive,FF -> FF,0.0348483099291722,0.0,0.02026316698951026,0.01584200901755442,True,False,True,True,0.0348483099291722,0.0,0.0,-0.0,0.02026316698951026,0.0,0.01584200901755442,0.0,FF -> unresponsive,FF -> FF,0.3331964910767662,0.44888898730278015,0,0.7327530384801018,0.8484455347061157,0,2.2226032048269797,1.166775107383728,2,2.0337366397919445,1.6100358963012695,1,2.876609143098661,1.2813878059387207,3,3.48048603576608,1.3201836347579956,4
831,standard,True,True,0.5764298439025879,0.20129114389419556,0.0001122477333410643,0.002814207226037979,0.0005096723907627165,0.04402594640851021,0.00015282690583262593,0.0031479152385145426,0.09384651050592462,0.0033838707914886374,0.030179538391530515,0.003180408679569761,0.023651898093521594,0.013764590575980644,0.03218219599997004,0.009838465007487685,FF_FB_broad,0.6670899793505669,0.832202672958374,0,3.3022538721561427,FF_un,0.6874728009104729,0.020382821559906006,FF -> unresponsive,FF -> FF,0.09384651050592462,0.0,0.030179538391530515,0.03218219599997004,True,False,True,True,0.09384651050592462,0.0,0.0,-0.0,0.030179538391530515,0.0,0.03218219599997004,0.0,FF -> unresponsive,FF -> FF,0.6670899793505669,0.832202672958374,0,0.6874728009104729,0.85258549451828,0,1.7787492649008831,0.894415020942688,2,2.9606888166318335,2.3504154682159424,1,3.1734258972108362,1.5137056112289429,3,4.095694848584632,1.796309232711792,4
1794,standard,True,True,0.7307831645011902,0.33490076661109924,0.023094791918992996,0.041198376566171646,0.15062591433525085,0.23880739510059357,0.6515167355537415,0.11716195940971375,0.09607614601651827,0.002519982668066708,0.028905474557541312,0.005495374484841401,0.018104463963148496,0.01501063593896106,0.0282561562412108,0.01408791256059582,FF_FB_broad,0.6886237885337323,0.8588904142379761,0,3.4053325140848747,FF_un,0.739625635324046,0.05100184679031372,FF -> unresponsive,FF -> FF,0.09607614601651827,0.0,0.028905474557541312,0.0282561562412108,True,False,True,True,0.09607614601651827,0.0,0.0,-0.0,0.028905474557541312,0.0,0.0282561562412108,0.0,FF -> unresponsive,FF -> FF,0.6886237885337323,0.8588904142379761,0,0.739625635324046,0.9098922610282898,0,1.7416082590973625,0.8832283616065979,2,3.0063426172515997,2.3923046588897705,1,3.156189821179335,1.5135053396224976,3,4.038228493717422,1.7621684074401855,4
1075,standard,True,True,0.1412070393562317,0.015932489186525345,0.05796819552779198,0.4430856704711914,0.0007134914631024003,0.0013228657189756632,0.00026964631979353726,0.001965062925592065,0.032971221930347384,0.011724158624807994,0.07615755496857067,0.07292897977555791,0.016251700456875066,0.024812522328769168,0.083785113102446,0.08340912953329584,FF_FB_broad,1.49664369506451,1.5201702117919922,0,0.4705303345496456,FF_un,1.6577213136634479,0.161077618598938,FF -> unresponsive,FF -> FF,0.032971221930347384,0.0,0.003228575193012756,0.00037598356915016784,True,False,True,True,0.032971221930347384,0.0,0.0,-0.0,0.003228575193012756,0.0,0.00037598356915016784,0.0,FF -> unresponsive,FF -> FF,1.49664369506451,1.5201702117919922,0,1.6577213136634479,1.6812478303909302,0,3.430812075656528,2.2272441387176514,2,1.9828522321923325,1.4744938611984253,1,4.038102322646107,2.30264949798584,3,3.9198185664135963,1.86974036693573,4
3,standard,True,True,0.9,0.01,0.01,0.01,0.3,1.5,0.3,1.5,0.0497910181293264,0.000230697082952247,0.0019236878879989186,0.00037718163803219796,0.01239240806705008,0.005910212840535678,0.00018017615766439122,0.004341649746250672,FF_FB_narrow_familiar,-0.16226654485605346,0.0,0,3.245330897121069,un_FB,1.1635313744210483,1.3257979192771017,FF -> unresponsive,unresponsive -> unresponsive,0.0497910181293264,0.0,0.0,0.0,True,False,False,False,0.0497910181293264,0.0,0.0,-0.0,0.0,-0.0,0.0,-0.0,FF -> unresponsive,unresponsive -> unresponsive,1.9719833514788965,0.9593112468719482,2,2.336649694214187,1.3239775896072388,2,-0.16226654485605346,0.0,0,4.267483931793444,2.6556477546691895,3,1.1635313744210483,0.7266338467597961,1,3.5477931954289184,1.3359880447387695,4
1914,standard,True,True,0.8852325081825256,0.008493299596011639,0.015456600114703178,0.008430665358901024,0.24809613823890686,2.0,0.1468312293291092,1.1237475872039795,0.049423793160046144,0.00023845420643435014,0.0015769425648613834,0.0003168645874514671,0.012567975857139875,0.0058834283195513615,0.00014643161090740857,0.0035422244312940166,FF_FB_narrow_familiar,-0.14983110127601929,0.013642199337482452,0,3.2694660122700347,un_FB,1.1559610449621687,1.305792146238188,FF -> unresponsive,unresponsive -> unresponsive,0.049423793160046144,0.0,0.0,0.0,True,False,False,False,0.049423793160046144,0.0,0.0,-0.0,0.0,-0.0,0.0,-0.0,FF -> unresponsive,unresponsive -> unresponsive,1.9804804231903592,0.9644303917884827,2,2.3444725777885953,1.3284225463867188,2,-0.14983110127601929,0.013642199337482452,0,4.273579827378853,2.659834623336792,3,1.1559610449621687,0.7217391729354858,1,3.5521300124627793,1.339133620262146,4
1899,standard,True,True,1.5191376209259033,0.034894876182079315,0.015679558739066124,0.008599897846579552,0.7005453109741211,2.0,0.28455492854118347,2.0,0.05324945733882487,4.558089981401281e-05,0.003022694998071529,0.00016866673995536986,0.014206436802245056,0.004741920842207037,0.0006969451387703884,0.0024846772474120373,FF_FB_narrow_familiar,-0.10131820173022182,0.06575309485197067,0,3.3414259316438497,un_FB,1.2265235042849478,1.3278417060151697,FF -> unresponsive,unresponsive -> unresponsive,0.05324945733882487,0.0,0.0,0.0,True,False,False,False,0.05324945733882487,0.0,0.0,-0.0,0.0,-0.0,0.0,-0.0,FF -> unresponsive,unresponsive -> unresponsive,1.9727998658907988,0.9619006514549255,2,2.3105318829310515,1.2996326684951782,2,-0.10131820173022182,0.06575309485197067,0,4.283081499662755,2.659184455871582,3,1.2265235042849478,0.7805969715118408,1,3.6036988847825646,1.38671875,4
1452,standard,True,True,0.4102779030799866,0.00010311523510608822,0.00040847324999049306,0.0003328018938191235,0.07452443987131119,0.11847995221614838,0.0003615373279899359,0.055865660309791565,0.05517502618022263,0.0024239443194043514,0.0031242430695177367,0.0020780047207760314,0.014877690611562381,0.013843953900504857,0.0015253496104075262,0.009476689416139076,FF_FB_narrow_familiar,0.009186033970521146,0.16457884013652802,0,3.107856123320137,un_FB,1.2913011940855843,1.282115160115063,FF -> unresponsive,unresponsive -> unresponsive,0.05517502618022263,0.0,0.0,0.0,True,False,False,False,0.05517502618022263,0.0,0.0,-0.0,0.0,-0.0,0.0,-0.0,FF -> unresponsive,unresponsive -> unresponsive,1.9144849933179406,0.9202815294265747,2,2.298032180169442,1.3038287162780762,2,0.009186033970521146,0.16457884013652802,0,4.252476333962599,2.637572765350342,3,1.2913011940855843,0.8259938955307007,1,3.4896146892938606,1.2890697717666626,4
583,standard,True,True,1.2061448097229004,0.11172222346067429,0.001899327035062015,0.02977355569601059,0.9800432920455933,0.1174006313085556,0.02261863648891449,0.04535378888249397,0.06025254254539807,0.00045765577585067755,0.006098699391198655,0.0013934332426288165,0.009651103883516043,0.01038880794076249,0.005033167463261634,0.009662231791298836,FF_FB_narrow_familiar,0.03545646080747247,0.20366206765174866,0,3.3641121368855234,un_FB,1.352007823282232,1.3165513624747593,FF -> unresponsive,unresponsive -> unresponsive,0.06025254254539807,0.0,0.0,0.0,True,False,False,False,0.06025254254539807,0.0,0.0,-0.0,0.0,-0.0,0.0,-0.0,FF -> unresponsive,unresponsive -> unresponsive,1.8473624714805434,0.8786118030548096,2,2.195004535575087,1.226253867149353,2,0.03545646080747247,0.20366206765174866,0,4.204721766570583,2.594960927963257,3,1.352007823282232,0.8792032599449158,1,3.5749387871520106,1.357648491859436,4
1132,standard,True,True,0.32710957527160645,0.0020375342573970556,0.0003355745575390756,0.05776149034500122,0.014026006683707237,0.0006608337280340493,0.0001008333420031704,0.2890963852405548,0.05177243541305264,0.003855193842900917,0.01156174325927471,0.009899057511938735,0.016522993997205047,0.014789835677947848,0.016187644703313707,0.019600539188832044,FF_FB_narrow_familiar,0.28821021928451956,0.3963845372200012,0,2.1634863587096334,un_FB,1.3752375739471365,1.087027354662617,FF -> unresponsive,unresponsive -> unresponsive,0.05177243541305264,0.0,0.0,0.0,True,False,False,False,0.05177243541305264,0.0,0.0,-0.0,0.0,-0.0,0.0,-0.0,FF -> unresponsive,unresponsive -> unresponsive,1.6533387260201078,0.6861621737480164,2,2.093417759394894,1.1262412071228027,2,0.28821021928451956,0.3963845372200012,0,3.95548973409459,2.381223440170288,3,1.3752375739471365,0.8763221502304077,1,3.335245362401474,1.1847814321517944,4
1797,standard,True,True,0.7023895382881165,0.29535242915153503,0.05675007775425911,0.09560283273458481,0.34500983357429504,0.4136398136615753,0.3666337728500366,0.4356483221054077,0.06513823733354608,0.004607784417263853,0.008730432895633081,0.012413943025361125,0.0100845691592743,0.018853616392395148,0.007215218397323042,0.02151482116896659,FF_FB_narrow_familiar,0.3141911712281095,0.438902884721756,0,2.494234269872929,un_FB,1.5547887179496076,1.240597546721498,FF -> unresponsive,unresponsive -> unresponsive,0.06513823733354608,0.0,0.0,0.0,True,False,False,False,0.06513823733354608,0.0,0.0,-0.0,0.0,-0.0,0.0,-0.0,FF -> unresponsive,unresponsive -> unresponsive,1.8095750138590423,0.8483729362487793,2,2.19407849763132,1.2328764200210571,2,0.3141911712281095,0.438902884721756,0,4.166661404736805,2.5449063777923584,3,1.5547887179496076,1.0189474821090698,1,3.3986167053051757,1.2331205606460571,4
1788,standard,True,True,0.6139675378799438,0.2285342961549759,0.0327615924179554,0.1186312735080719,0.38712677359580994,0.6929795742034912,0.46102696657180786,0.3432122468948364,0.03754999561545749,0.0012204999637712413,0.0019559849140932785,0.014991712546907366,0.006118718537618406,0.013975927718759825,0.0008727690466912464,0.023966733595201125,FF_FB_narrow_familiar,0.3441563232957075,0.41338756680488586,0,1.3846248701835673,un_FB,1.1456872476730495,0.8015309243773421,FF -> unresponsive,unresponsive -> unresponsive,0.03754999561545749,0.0,0.0,0.0,True,False,False,False,0.03754999561545749,0.0,0.0,-0.0,0.0,-0.0,0.0,-0.0,FF -> unresponsive,unresponsive -> unresponsive,1.9533671046063925,0.9282558560371399,2,2.4441695714757468,1.4190583229064941,2,0.3441563232957075,0.41338756680488586,0,4.139134930982254,2.563823699951172,3,1.1456872476730495,0.664718508720398,1,3.101680764154298,0.9848905205726624,4
332,standard,True,True,0.4983063340187073,0.00025016249855980277,0.010468393564224243,0.00010775207192637026,0.00034866202622652054,0.0002539349370636046,0.2356792539358139,0.015243793837726116,0.08342982696679731,0.0044022977429752546,0.0073264317587018015,0.0034380585925343136,0.021592224218572178,0.015731586857388416,0.006277809406553084,0.009869829829161366,FF_FB_narrow_familiar,0.34669640980040034,0.5359790921211243,0,3.7856536464144783,un_FB,1.7866573849382499,1.4399609751378495,FF -> unresponsive,unresponsive -> unresponsive,0.08342982696679731,0.0,0.0,0.0,True,False,False,False,0.08342982696679731,0.0,0.0,-0.0,0.0,-0.0,0.0,-0.0,FF -> unresponsive,unresponsive -> unresponsive,1.9529915555380284,1.011059284210205,2,2.1863491042517125,1.2444168329238892,2,0.34669640980040034,0.5359790921211243,0,4.372505216890326,2.6968536376953125,3,1.7866573849382499,1.2422207593917847,1,3.793869914005821,1.5584861040115356,4
623,standard,True,True,0.17397108674049377,0.05072319880127907,0.00011945962614845484,0.009071672335267067,0.00017365992243867368,0.0040013669058680534,0.002411129418760538,1.528581142425537,0.028480658175734183,0.00389600171862791,0.010549116293744495,0.003913815086707473,0.01286887270398438,0.015279210370499641,0.016885491693392395,0.012119944017225255,FF_FB_narrow_familiar,0.37164714965038004,0.4431808292865753,0,1.430673592723906,un_FB,1.0071554792889703,0.6355083296385903,FF -> unresponsive,unresponsive -> unresponsive,0.028480658175734183,0.0,0.0,0.0,True,False,False,False,0.028480658175734183,0.0,0.0,-0.0,0.0,-0.0,0.0,-0.0,FF -> unresponsive,unresponsive -> unresponsive,1.712439944098393,0.693712055683136,2,2.228024114916722,1.2092962265014648,2,0.37164714965038004,0.4431808292865753,0,3.8612890747375785,2.3286385536193848,3,1.0071554792889703,0.564766526222229,1,3.2010760706538957,1.087334394454956,4
76,standard,True,True,0.5290104746818542,0.006823568604886532,0.01648305356502533,0.0018257396295666695,0.021818865090608597,0.00012008684279862791,0.14719423651695251,0.651522696018219,0.08641262510791421,0.004712978424504399,0.0080416383765017,0.0033394962393989164,0.021465922783439357,0.016418313246686012,0.004752472359299039,0.00987175414726759,FF_FB_narrow_familiar,0.3806809428070361,0.5747475624084473,0,3.8813323920282228,un_FB,1.8344328350309904,1.4537518922239543,FF -> unresponsive,unresponsive -> unresponsive,0.08641262510791421,0.0,0.0,0.0,True,False,False,False,0.08641262510791421,0.0,0.0,-0.0,0.0,-0.0,0.0,-0.0,FF -> unresponsive,unresponsive -> unresponsive,1.977077852600875,1.0427980422973633,2,2.1961177695930623,1.2618379592895508,2,0.3806809428070361,0.5747475624084473,0,4.402627091893616,2.7226967811584473,3,1.8344328350309904,1.2828489542007446,1,3.824190545004482,1.5865228176116943,4
524,standard,True,True,0.44063112139701843,0.0021504180040210485,0.06194857135415077,0.011257578618824482,0.0008727614767849445,0.060024745762348175,0.016010111197829247,0.00010308325727237388,0.08148758669073383,0.010256236283263812,0.005437278359507521,0.004017499985639006,0.021501541195902973,0.02393522901693359,0.002236886353542407,0.011680687048162023,FF_FB_narrow_familiar,0.3842418393042559,0.5651106238365173,0,3.617375690645228,un_FB,1.7857024137473976,1.4014605744431416,FF -> unresponsive,unresponsive -> unresponsive,0.08148758669073383,0.0,0.0,0.0,True,False,False,False,0.08148758669073383,0.0,0.0,-0.0,0.0,-0.0,0.0,-0.0,FF -> unresponsive,unresponsive -> unresponsive,1.9965231014338012,1.0458637475967407,2,2.276897151574182,1.3262377977371216,2,0.3842418393042559,0.5651106238365173,0,4.418528264442769,2.7419185638427734,3,1.7857024137473976,1.2406208515167236,1,3.6826854516752063,1.4723291397094727,4
248,standard,True,True,0.11807724088430405,0.004978942684829235,0.06440950185060501,0.051344797015190125,0.00010422204650240019,0.2341773957014084,0.00017065464635379612,0.002742048120126128,0.026462310498269897,0.009397609980078414,0.0013417790954311688,0.00841815533155265,0.01301050182664767,0.02459192006693532,0.0010205364368933564,0.01847519726725295,FF_FB_narrow_familiar,0.4486657191805231,0.49861979484558105,0,0.999081513301159,un_FB,1.0325173544192996,0.5838516352387765,FF -> unresponsive,unresponsive -> unresponsive,0.026462310498269897,0.0,0.0,0.0,True,False,False,False,0.026462310498269897,0.0,0.0,-0.0,0.0,-0.0,0.0,-0.0,FF -> unresponsive,unresponsive -> unresponsive,2.0088590217075155,0.9445267915725708,2,2.5454697442493246,1.4811375141143799,2,0.4486657191805231,0.49861979484558105,0,4.134124142950168,2.5639426708221436,3,1.0325173544192996,0.5766221880912781,1,2.964700082091925,0.8835412263870239,4
983,standard,True,True,0.8676250576972961,0.7734725475311279,0.02131042256951332,0.0012033075327053666,0.1213437095284462,1.0018528699874878,0.015080244280397892,0.0006730410386808217,0.11373921542738875,0.0009264439160081868,0.00978748380051305,0.0004444050842721481,0.019860782206524163,0.011044919696481277,0.006267579417908564,0.005429686033554996,FF_FB_narrow_familiar,0.6686997069860808,0.9243464469909668,0,5.112934800097719,FF_FB_broad,2.1820891838792402,1.5133894768931593,FF -> unresponsive,unresponsive -> unresponsive,0.11373921542738875,0.0,0.0,0.0,True,False,False,False,0.11373921542738875,0.0,0.0,-0.0,0.0,-0.0,0.0,-0.0,FF -> unresponsive,unresponsive -> unresponsive,2.1820891838792402,1.3019561767578125,2,2.2356774550202925,1.3555444478988647,2,0.6686997069860808,0.9243464469909668,0,4.625550121592823,2.890460252761841,3,2.243063888718219,1.6437537670135498,1,4.269564795643479,1.9584176540374756,4
319,standard,True,True,0.5597891211509705,0.019011911004781723,0.05461468920111656,0.09396351873874664,0.0050859409384429455,0.003842220874503255,1.6806257963180542,0.04842589795589447,0.09983251799518864,0.009720421803649515,0.021508456215572853,0.015572856079476576,0.02032192515131707,0.021158199935841063,0.020080346796506394,0.02331908796525871,FF_FB_narrow_familiar,0.7553683595343803,0.9230619072914124,0,3.353870955140641,FF_FB_broad,1.8554707666238148,1.1001024070894345,FF -> unresponsive,unresponsive -> unresponsive,0.09983251799518864,0.0,0.0,0.0,True,False,False,False,0.09983251799518864,0.0,0.0,-0.0,0.0,-0.0,0.0,-0.0,FF -> unresponsive,unresponsive -> unresponsive,1.8554707666238148,0.9993588328361511,2,1.993417074282964,1.1373051404953003,2,0.7553683595343803,0.9230619072914124,0,4.194167620316148,2.5387256145477295,3,2.1976911068195477,1.5660545825958252,1,3.856186590359236,1.6530457735061646,4
999,standard,True,True,1.8306595087051392,0.521462619304657,0.0003319255483802408,0.011433159932494164,0.828889012336731,1.6540940999984741,1.0507713556289673,0.005004562437534332,0.12863484714180232,2.0820527523331597e-05,0.004798752471106127,0.00021200592412545422,0.015075022092787549,0.004427669311796004,0.0009747699165018276,0.0028598481095590007,FF_FB_narrow_familiar,0.8050598481214062,1.1168622970581055,0,6.236048978733986,FF_FB_broad,2.394556533101907,1.589496684980501,FF -> unresponsive,unresponsive -> unresponsive,0.12863484714180232,0.0,0.0,0.0,True,False,False,False,0.12863484714180232,0.0,0.0,-0.0,0.0,-0.0,0.0,-0.0,FF -> unresponsive,unresponsive -> unresponsive,2.394556533101907,1.536993384361267,2,2.3999991524256377,1.5424360036849976,2,0.8050598481214062,1.1168622970581055,0,4.866209926757922,3.0941073894500732,3,2.435660113534929,1.832923173904419,1,4.5212525184598995,2.1580469608306885,4
1351,standard,True,True,1.2486296892166138,0.798229455947876,0.0052745467983186245,0.0027274044696241617,0.32073962688446045,1.2612841129302979,0.0009214025340043008,0.05832225829362869,0.1393986139446497,0.00020944830854811394,0.007476659631356597,0.00028130558390936734,0.01909923110700523,0.006674414455968266,0.003853849886218086,0.003750520255804683,FF_FB_narrow_familiar,0.9564072936812105,1.27434504032135,0,6.358754932802793,FF_un,2.4333376483797715,1.476930354698561,FF -> unresponsive,unresponsive -> unresponsive,0.1393986139446497,0.0,0.0,0.0,True,False,False,False,0.1393986139446497,0.0,0.0,-0.0,0.0,-0.0,0.0,-0.0,FF -> unresponsive,unresponsive -> unresponsive,2.467793186175792,1.6310529708862305,2,2.4333376483797715,1.59659743309021,2,0.9564072936812105,1.27434504032135,0,4.934172412919967,3.1398377418518066,3,2.6331686243453682,1.9935119152069092,1,4.664115062223088,2.28354811668396,4
1689,standard,True,True,1.2202812433242798,0.3722120225429535,0.09143495559692383,0.08658745139837265,0.417574942111969,0.5926044583320618,0.42415377497673035,0.34277433156967163,0.13478926056995988,0.008198800062139829,0.009315647856177141,0.010229595170433944,0.018783685805586477,0.0207764513984633,0.003864406569239994,0.017586624536973735,FF_FB_narrow_familiar,0.9838519573328085,1.2562451362609863,0,5.447863578563556,FF_FB_broad,2.3756335211801343,1.3917815638473257,FF -> unresponsive,unresponsive -> unresponsive,0.13478926056995988,0.0,0.0,0.0,True,False,False,False,0.13478926056995988,0.0,0.0,-0.0,0.0,-0.0,0.0,-0.0,FF -> unresponsive,unresponsive -> unresponsive,2.3756335211801343,1.5466738939285278,2,2.4156531525659375,1.586693525314331,2,0.9838519573328085,1.2562451362609863,0,4.825775103445631,3.0576584339141846,3,2.629529914644081,1.9627660512924194,1,4.390208358802678,2.0842127799987793,4
4,standard,True,True,0.01,0.9,0.01,0.15,0.3,0.3,0.3,0.3,0.004670644442861279,0.0011528341041412205,0.12322313906624913,0.021602339289772014,0.004234521977681046,0.014324035646859556,0.1311135720461607,0.03228195935953408,FF_FB_narrow_novel,-0.4561201433263098,0.0,0,9.122402866526196,FF_un,1.7351853722784047,2.1913055156047143,unresponsive -> unresponsive,FF -> FF,0.0,0.0,0.12322313906624913,0.09883161268662662,False,False,True,True,0.0,-0.0,0.0,-0.0,0.12322313906624913,0.0,0.09883161268662662,0.0,unresponsive -> unresponsive,FF -> FF,1.8570091599676137,1.7318118810653687,1,1.7351853722784047,1.6099880933761597,1,4.583627959302006,2.6556477546691895,3,-0.4561201433263098,0.0,0,3.9475078808997446,2.6008450984954834,2,5.1164596522925425,2.6535441875457764,4
1463,standard,True,True,0.6703959703445435,0.7255856394767761,0.0007471123244613409,0.0452176034450531,1.0917222499847412,0.011970140971243382,0.00011087409075116739,1.961995005607605,0.005922416038811207,0.0006857155560282991,0.1081167691697677,0.00289568101191738,0.003965863030559073,0.011440645587087298,0.11549151306971908,0.012814677006099373,FF_FB_narrow_novel,0.07971616206147392,0.4922066032886505,0,8.249808824543532,FF_un,1.445990905588648,1.366274743527174,unresponsive -> unresponsive,FF -> FF,0.0,0.0,0.1081167691697677,0.11549151306971908,False,False,True,True,0.0,-0.0,0.0,-0.0,0.1081167691697677,0.0,0.11549151306971908,0.0,unresponsive -> unresponsive,FF -> FF,1.575035676783106,1.4112157821655273,1,1.445990905588648,1.2821710109710693,1,4.168147346924525,2.309894323348999,3,0.07971616206147392,0.4922066032886505,0,3.5275314671802334,2.245588779449463,2,4.935781877672222,2.454712152481079,4
963,standard,True,True,0.05540699511766434,1.3981248140335083,0.1042560413479805,0.018391432240605354,1.8937692642211914,0.0014070598408579826,0.3843640685081482,0.14330503344535828,0.004754270562746872,0.006974169629393146,0.16993859022234878,0.0003540978041807345,0.0034147720337690166,0.022629766484412055,0.1752438686788082,0.006132403151908269,FF_FB_narrow_novel,0.40505301454492526,1.036210060119629,0,12.623140911494072,FF_un,2.2705144235670254,1.8654614090221,unresponsive -> unresponsive,FF -> FF,0.0,0.0,0.16993859022234878,0.1752438686788082,False,False,True,True,0.0,-0.0,0.0,-0.0,0.16993859022234878,0.0,0.1752438686788082,0.0,unresponsive -> unresponsive,FF -> FF,2.523180420118539,2.5822341442108154,1,2.2705144235670254,2.3295681476593018,1,5.623488092713524,3.501811981201172,3,0.40505301454492526,1.036210060119629,0,5.012727105978411,3.4631543159484863,2,6.305564214484669,3.5873801708221436,4
1517,standard,True,True,0.0002360124053666368,0.5245180130004883,0.010275589302182198,0.0014823260717093945,0.01658880151808262,0.00013265818415675312,0.00010286363249178976,0.00010374459088779986,0.004507959606902053,0.00437129942777877,0.08791454724657038,0.003166370369338741,0.013412743981461972,0.017461645576016357,0.09744742621357243,0.011345807129206758,FF_FB_narrow_novel,0.4810249739481757,0.8078097105026245,0,6.5356947310889755,FF_un,1.327891674110045,0.8468667001618693,unresponsive -> unresponsive,FF -> FF,0.0,0.0,0.08791454724657038,0.09744742621357243,False,False,True,True,0.0,-0.0,0.0,-0.0,0.08791454724657038,0.0,0.09744742621357243,0.0,unresponsive -> unresponsive,FF -> FF,1.3280372286525866,1.0728538036346436,1,1.327891674110045,1.072708249092102,1,3.7518479650529724,1.955216646194458,3,0.4810249739481757,0.8078097105026245,0,3.0944842193741353,1.8798210620880127,2,4.492628564693344,2.0948681831359863,4
189,standard,True,True,0.00014416140038520098,0.5056703090667725,0.00010238739923806861,0.0001682878501014784,0.011014390736818314,0.0030451167840510607,0.005598696414381266,0.0011165771866217256,0.004184967714051405,0.003831783499723921,0.08421677535710236,0.0031377862634447713,0.013035187912949671,0.015946754704539975,0.09388156291097402,0.011179725154458234,FF_FB_narrow_novel,0.5537173706417282,0.8696506023406982,0,6.318664633979399,FF_FB_broad,1.281578964057068,0.7278615934153398,unresponsive -> unresponsive,FF -> FF,0.0,0.0,0.08421677535710236,0.09388156291097402,False,False,True,True,0.0,-0.0,0.0,-0.0,0.08421677535710236,0.0,0.09388156291097402,0.0,unresponsive -> unresponsive,FF -> FF,1.281578964057068,1.0142520666122437,1,1.3045683563376467,1.0372414588928223,1,3.6665434278547764,1.8868231773376465,3,0.5537173706417282,0.8696506023406982,0,3.0017205412189165,1.805260419845581,2,4.4241913382119185,2.036893129348755,4
513,standard,True,True,0.00196686084382236,1.2255154848098755,0.0006298712687566876,0.00011798956984421238,0.11769340932369232,0.0016148928552865982,0.1997499018907547,0.005112490151077509,0.008488715214965244,0.002946092733570064,0.2016160622239113,0.001873893058897617,0.009106377403562268,0.015577676585720231,0.21128348975131908,0.010566452983766794,FF_FB_narrow_novel,0.8640730480896309,1.6417393684387207,0,15.553326406981794,FF_un,2.7283631403852873,1.8642900922956565,unresponsive -> unresponsive,FF -> FF,0.0,0.0,0.2016160622239113,0.21128348975131908,False,False,True,True,0.0,-0.0,0.0,-0.0,0.2016160622239113,0.0,0.21128348975131908,0.0,unresponsive -> unresponsive,FF -> FF,3.0243519385267668,3.2359731197357178,1,2.7283631403852873,2.9399843215942383,1,6.394496107807694,4.154519081115723,3,0.8640730480896309,1.6417393684387207,0,5.811511328622388,4.137579441070557,2,7.1028199605391515,4.250034332275391,4
765,standard,True,True,0.00015943478501867503,1.8548758029937744,0.0004229835467413068,0.0010378252482041717,0.2547600269317627,1.5655789375305176,0.0029763325583189726,0.5284044146537781,0.005143010608541469,0.00033203428914324227,0.07284588669426739,0.000213672399108115,0.0033046934734253836,0.006787127213707815,0.07545881912422676,0.00457205211763115,FF_FB_narrow_novel,0.9036181468749419,1.1763672828674316,0,5.454982719849794,FF_FB_broad,1.114603688249675,0.21098554137473313,unresponsive -> unresponsive,FF -> FF,0.0,0.0,0.07284588669426739,0.07545881912422676,False,False,True,True,0.0,-0.0,0.0,-0.0,0.07284588669426739,0.0,0.07545881912422676,0.0,unresponsive -> unresponsive,FF -> FF,1.114603688249675,0.8079248666763306,1,1.2023136515713608,0.8956348299980164,1,3.298254487842011,1.59835684299469,3,0.9036181468749419,1.1763672828674316,0,2.6059454658611987,1.485475778579712,2,4.222575813561184,1.8593981266021729,4
1954,standard,True,True,0.008321525529026985,0.4777887761592865,0.009915639646351337,0.10030321031808853,0.3658285439014435,0.18306566774845123,0.44300007820129395,0.28196069598197937,0.0022099752105229223,0.0012883476175678274,0.061665128885457915,0.01348235960273693,0.0018070962464359279,0.014632030304831763,0.07002138577712079,0.024418904566361258,FF_FB_narrow_novel,1.0081692771462258,1.2378582954406738,0,4.593780365888961,FF_FB_broad,1.0774805189013326,0.06931124175510672,unresponsive -> unresponsive,FF -> FF,0.0,0.0,0.061665128885457915,0.07002138577712079,False,False,True,True,0.0,-0.0,0.0,-0.0,0.061665128885457915,0.0,0.07002138577712079,0.0,unresponsive -> unresponsive,FF -> FF,1.0774805189013326,0.7160094380378723,1,1.3764052630305135,1.0149341821670532,1,3.2031342747524225,1.5149171352386475,3,1.0081692771462258,1.2378582954406738,0,2.471805627964204,1.3747485876083374,2,3.813495664684645,1.5596091747283936,4
283,standard,True,True,0.030107248574495316,1.41614830493927,0.0003205773246008903,0.05229734256863594,0.31430783867836,0.03413917124271393,0.004383556544780731,0.0006518224836327136,0.00932771284521247,0.0018469089603361983,0.2352489611133933,0.006429134113326048,0.009185714977017293,0.0145259651937522,0.24428229083617528,0.01780755992125099,FF_FB_narrow_novel,1.3621181149656576,2.2734732627868652,0,18.227102956424154,FF_un,3.235498143406585,1.8733800284409274,unresponsive -> unresponsive,FF -> FF,0.0,0.0,0.2352489611133933,0.24428229083617528,False,False,True,True,0.0,-0.0,0.0,-0.0,0.2352489611133933,0.0,0.24428229083617528,0.0,unresponsive -> unresponsive,FF -> FF,3.545056296559051,3.8937222957611084,1,3.235498143406585,3.5841641426086426,1,7.185450887105738,4.8159918785095215,3,1.3621181149656576,2.2734732627868652,0,6.613285076804459,4.806515216827393,2,7.849175647844095,4.886293888092041,4
1481,standard,True,True,0.004879426676779985,1.8363606929779053,0.007104974240064621,0.000822594272904098,1.950199842453003,0.02552068419754505,0.2323068082332611,0.012023388408124447,0.007439852335179845,5.177192257785161e-05,0.24046568566312393,5.546103766391752e-05,0.005834479785213868,0.009624870852955306,0.2451282665754358,0.0037595554002715897,FF_FB_narrow_novel,1.4317591097244682,2.3688175678253174,0,18.741169162016984,FF_un,3.2702654245658778,1.8385063148414096,unresponsive -> unresponsive,FF -> FF,0.0,0.0,0.24046568566312393,0.2451282665754358,False,False,True,True,0.0,-0.0,0.0,-0.0,0.24046568566312393,0.0,0.2451282665754358,0.0,unresponsive -> unresponsive,FF -> FF,3.5966754797264002,3.9634933471679688,1,3.2702654245658778,3.6370832920074463,1,7.2490115586086175,4.873453617095947,3,1.4317591097244682,2.3688175678253174,0,6.663000055778927,4.857682704925537,2,8.012255134972293,4.9828267097473145,4
221,standard,True,True,0.00010025224764831364,1.553908109664917,0.005737907253205776,0.00402342714369297,0.06647886335849762,0.03044545091688633,0.0005174335092306137,0.06882192939519882,0.011199402467658123,0.003340161161031574,0.25513113985459007,0.0020018863918570182,0.014081047490860026,0.016405142874767385,0.26452672146260736,0.011165551538579167,FF_FB_narrow_novel,1.7057842295616865,2.6898908615112305,0,19.682132638990876,FF_un,3.5370777184764544,1.8312934889147678,unresponsive -> unresponsive,FF -> FF,0.0,0.0,0.25513113985459007,0.26452672146260736,False,False,True,True,0.0,-0.0,0.0,-0.0,0.25513113985459007,0.0,0.26452672146260736,0.0,unresponsive -> unresponsive,FF -> FF,3.8616512353221575,4.290555477142334,1,3.5370777184764544,3.965981960296631,1,7.658455993731817,5.208728790283203,3,1.7057842295616865,2.6898908615112305,0,7.101552725459139,5.207027912139893,2,8.351708485519824,5.293936729431152,4
734,standard,True,True,0.00019833572150673717,0.00795947015285492,0.00010902446956606582,0.7135972380638123,0.00010103709064424038,0.004308867733925581,0.001623418997041881,0.00010552172898314893,0.006227392493747175,0.0077311718525985874,0.11869048870479067,0.11731347904230158,0.015517289827888211,0.01731455548821638,0.12833944587036966,0.1283364172404011,FF_FB_narrow_novel,1.8759196492377668,1.9285882711410522,0,1.0533724380657077,FF_FB_broad,3.2855660077029216,1.4096463584651548,unresponsive -> unresponsive,FF -> FF,0.0,0.0,0.0013770096624890898,3.028629968565566e-06,False,False,True,True,0.0,-0.0,0.0,-0.0,0.0013770096624890898,0.0,3.028629968565566e-06,0.0,unresponsive -> unresponsive,FF -> FF,3.2855660077029216,2.7691593170166016,1,3.3529068585329997,2.8365001678466797,1,5.411853822243089,3.498627185821533,3,1.8759196492377668,1.9285882711410522,0,4.824433392084514,3.4802820682525635,2,5.04587393081747,2.9932053089141846,4
1943,standard,True,True,0.01794053614139557,2.0,0.006753795314580202,0.19495706260204315,0.1951889544725418,0.5011709928512573,0.21512585878372192,0.47679901123046875,0.011726945530002315,0.0009774945940686545,0.27431208280225594,0.028383954102173446,0.011096493837734063,0.012815979743997256,0.2807938076555729,0.038402000822437304,FF_FB_narrow_novel,1.9862365869339556,3.0137906074523926,0,20.55108041036874,FF_un,3.880075207554425,1.8938386206204694,unresponsive -> unresponsive,FF -> FF,0.0,0.0,0.2459281287000825,0.24239180683313558,False,False,True,True,0.0,-0.0,0.0,-0.0,0.2459281287000825,0.0,0.24239180683313558,0.0,unresponsive -> unresponsive,FF -> FF,4.189409008823956,4.663870811462402,1,3.880075207554425,4.354537010192871,1,8.104933451333395,5.592543601989746,3,1.9862365869339556,3.0137906074523926,0,7.553020451745639,5.593722820281982,2,8.628914341563359,5.601360321044922,4
586,standard,True,True,0.001683199079707265,0.00688061723485589,0.00718226982280612,0.8106444478034973,0.0059613860212266445,0.0014211084926500916,0.0004556376952677965,0.32348549365997314,0.007240081919978062,0.00886092462266485,0.134807774455597,0.13328138335297504,0.015968477446585895,0.018639456077168385,0.14438086108615,0.14428252826134363,FF_FB_narrow_novel,2.212232909537852,2.260481595993042,0,0.9649737291038036,FF_FB_broad,3.7228172052030764,1.5105842956652245,unresponsive -> unresponsive,FF -> FF,0.0,0.0,0.0015263911026219545,9.833282480636862e-05,False,False,True,True,0.0,-0.0,0.0,-0.0,0.0015263911026219545,0.0,9.833282480636862e-05,0.0,unresponsive -> unresponsive,FF -> FF,3.7228172052030764,3.206509590148926,1,3.7611801850919924,3.244872570037842,1,5.921508285713692,3.9435739517211914,3,2.212232909537852,2.260481595993042,0,5.346857103146613,3.933479070663452,2,5.473912157677114,3.425663471221924,4
1121,standard,True,True,0.0012932653771713376,1.985156774520874,0.00017056371143553406,0.01927069202065468,0.006455194670706987,0.03483440354466438,0.03447253257036209,0.00010002393537433818,0.01664310161334773,0.0036444025094776104,0.33026345117638506,0.00368068590760231,0.021635746428122122,0.015595757860379915,0.3390087876468897,0.013618461062045147,FF_FB_narrow_novel,2.9143657193519177,4.176352500915527,0,25.239735631272197,FF_un,4.701134987703214,1.7867692683512963,unresponsive -> unresponsive,FF -> FF,0.0,0.0,0.33026345117638506,0.3390087876468897,False,False,True,True,0.0,-0.0,0.0,-0.0,0.33026345117638506,0.0,0.3390087876468897,0.0,unresponsive -> unresponsive,FF -> FF,5.048554726472745,5.777113914489746,1,4.701134987703214,5.429694175720215,1,9.441787575961401,6.693257808685303,3,2.9143657193519177,4.176352500915527,0,8.922582127495359,6.707479953765869,2,10.112623877959171,6.770600318908691,4
273,standard,True,True,0.003712788689881563,1.914075493812561,0.011625096201896667,0.30310219526290894,0.03334445506334305,0.23188111186027527,1.9804348945617676,0.0011296768207103014,0.015144319490840037,0.003291363886091858,0.33213802662988506,0.04807641758428265,0.01807459842724105,0.016068558464758097,0.3371905945862333,0.05802153075734774,FF_FB_narrow_novel,3.030093849248563,4.190117359161377,0,23.20047019825628,FF_un,4.9060434420127415,1.8759495927641785,unresponsive -> unresponsive,FF -> FF,0.0,0.0,0.2840616090456024,0.27916906382888557,False,False,True,True,0.0,-0.0,0.0,-0.0,0.2840616090456024,0.0,0.27916906382888557,0.0,unresponsive -> unresponsive,FF -> FF,5.218131931545212,5.838732719421387,1,4.9060434420127415,5.526644229888916,1,9.513853070233017,6.7693352699279785,3,3.030093849248563,4.190117359161377,0,8.98766400984799,6.78256893157959,2,9.896833325759507,6.732815265655518,4
1337,standard,True,True,0.008914639241993427,1.0875755548477173,0.000991032226011157,1.782922625541687,0.573065459728241,0.00010356523125665262,1.2371028661727905,0.0003560324548743665,0.018157923524267972,0.011645779386162758,0.3921521779149771,0.24585768183072407,0.017506199694859486,0.018415656716873247,0.39807689699033894,0.2543043094376723,FF_FB_narrow_novel,6.373865597120797,6.9808526039123535,0,12.139740135831138,FF_un,8.205229512307172,1.8313639151863752,unresponsive -> unresponsive,FF -> FF,0.0,0.0,0.14629449608425302,0.14377258755266664,False,False,True,True,0.0,-0.0,0.0,-0.0,0.14629449608425302,0.0,0.14377258755266664,0.0,unresponsive -> unresponsive,FF -> FF,8.385144940468793,8.464763641357422,1,8.205229512307172,8.2848482131958,1,12.304659262252972,9.323685646057129,3,6.373865597120797,6.9808526039123535,0,11.800882951589301,9.347277641296387,2,11.539525039323296,8.932538032531738,4
1069,standard,True,True,0.00018608433310873806,0.02654620260000229,0.0019350189249962568,1.9221962690353394,0.0023068138398230076,0.014951204881072044,0.00036836264189332724,0.0068974923342466354,0.01649828435232242,0.01801247860615452,0.3195316543802619,0.3163567410161098,0.022662950043256084,0.024617027568941314,0.3290063620234529,0.3273280412579576,FF_FB_narrow_novel,7.081896767113358,7.106344223022461,0,0.4889491181820622,FF_un,8.778806470303486,1.6969097031901281,unresponsive -> unresponsive,FF -> FF,0.0,0.0,0.003174913364152099,0.0016783207654952892,False,False,True,True,0.0,-0.0,0.0,-0.0,0.003174913364152099,0.0,0.0016783207654952892,0.0,unresponsive -> unresponsive,FF -> FF,8.856722615628193,8.353219985961914,1,8.778806470303486,8.275303840637207,1,11.82121080517148,9.110925674438477,3,7.081896767113358,7.106344223022461,0,11.317040588675688,9.134705543518066,2,10.580614104773849,8.556166648864746,4
5,standard,True,True,1e-07,1e-07,0.6,0.6,1.5,1.5,1.5,1.5,0.0008054707917229583,0.036917969359395404,5.429536323949454e-07,0.041602354194037613,2.8935934036174634e-05,0.04445015244806806,5.860194949036668e-06,0.046812251380955176,FB_FB,-0.1347810774731139,0.004784377291798592,0,2.7913090952982498,un_FB,3.2874921429591875,3.4222732204323014,FB -> FB,FB -> FB,-0.036917969359395404,-0.04445015244806806,-0.041602354194037613,-0.046812251380955176,True,True,True,True,0.0,0.036917969359395404,0.0,0.04445015244806806,0.0,0.041602354194037613,0.0,0.046812251380955176,FB -> FB,FB -> FB,3.703763974416652,1.4158222675323486,4,4.282312286603847,1.9943705797195435,4,3.521424976934213,1.3334704637527466,4,4.892985256118506,2.653432607650757,4,3.2874921429591875,1.147926688194275,4,-0.1347810774731139,0.004784377291798592,0
2176,standard,True,True,9.999999747378752e-05,9.999999747378752e-05,0.5391127467155457,0.512303352355957,2.0,1.6082322597503662,0.8528583645820618,1.30158531665802,0.0003861920180800856,0.035124547267332676,3.867100991428174e-07,0.03869956764392555,2.405050061421813e-05,0.04419107726619889,3.4709517886237033e-06,0.044449297113654515,FB_FB,-0.06609153871734937,0.058837439864873886,0,2.498579571644465,un_FB,3.2206564222772918,3.2867479609946413,FB -> FB,FB -> FB,-0.035124547267332676,-0.04419107726619889,-0.03869956764392555,-0.044449297113654515,True,True,True,True,0.0,0.035124547267332676,0.0,0.04419107726619889,0.0,0.03869956764392555,0.0,0.044449297113654515,FB -> FB,FB -> FB,3.659214792422666,1.3850659132003784,4,4.242203054599179,1.968054175376892,4,3.467043090136273,1.29288649559021,4,4.866748846571436,2.6418275833129883,4,3.2206564222772918,1.0957274436950684,4,-0.06609153871734937,0.058837439864873886,0
2164,standard,True,True,0.00016248509928118438,0.0001190561379189603,0.5739506483078003,0.5769553780555725,1.0296992063522339,1.4456267356872559,1.6806375980377197,2.0,0.0014637857995694504,0.03500134296094378,2.3996136322542348e-05,0.0396346503480648,3.2764738208849545e-05,0.042217674377995236,7.01441456953944e-06,0.0446069077666228,FB_FB,-0.062254016085838276,0.06066713482141495,0,2.4584230181450644,un_FB,3.212141078695034,3.274395094780872,FB -> FB,FB -> FB,-0.03500134296094378,-0.042217674377995236,-0.0396346503480648,-0.0446069077666228,True,True,True,True,0.0,0.03500134296094378,0.0,0.042217674377995236,0.0,0.0396346503480648,0.0,0.0446069077666228,FB -> FB,FB -> FB,3.6462655101564034,1.3763339519500732,4,4.225979927613984,1.9560483694076538,4,3.44918006650599,1.279186487197876,4,4.860878929991626,2.6380198001861572,4,3.212141078695034,1.0892199277877808,4,-0.062254016085838276,0.06066713482141495,0
2148,standard,True,True,9.999999747378752e-05,9.999999747378752e-05,0.5117248296737671,0.6527503132820129,1.211001992225647,0.9745646119117737,2.0,2.0,0.0011669815129910907,0.03262883172137663,0.002563422243747482,0.04587619771094372,3.243553997738976e-05,0.039841984786714114,0.0020389577458748438,0.05117496605962515,FB_FB,-0.006284538493491698,0.13275942206382751,0,2.780879211146384,un_FB,3.2998009061673654,3.306085444660857,FB -> FB,FB -> FB,-0.03262883172137663,-0.039841984786714114,-0.04587619771094372,-0.05117496605962515,True,True,True,True,0.0,0.03262883172137663,0.0,0.039841984786714114,0.0,0.04587619771094372,0.0,0.05117496605962515,FB -> FB,FB -> FB,3.6722486800874927,1.3947434425354004,4,4.245340783091948,1.967835545539856,4,3.5272661422456926,1.3405561447143555,4,4.831262940965037,2.601423740386963,4,3.2998009061673654,1.1607569456100464,4,-0.006284538493491698,0.13275942206382751,0
2144,standard,True,True,0.0002423007827019319,9.999999747378752e-05,0.8934182524681091,0.8490481972694397,1.6249738931655884,2.0,1.037269949913025,2.0,0.0020560783848244074,0.048045841868345936,7.602351651314621e-07,0.05094169683288783,4.1194170959594584e-05,0.054695491873038314,7.247344495908692e-06,0.055443114663163824,FB_FB,0.0620933282499512,0.280345618724823,0,4.365045809497436,un_FB,3.6429781806344788,3.5808848523845276,FB -> FB,FB -> FB,-0.048045841868345936,-0.054695491873038314,-0.05094169683288783,-0.055443114663163824,True,True,True,True,0.0,0.048045841868345936,0.0,0.054695491873038314,0.0,0.05094169683288783,0.0,0.055443114663163824,FB -> FB,FB -> FB,3.9605095975192897,1.5963854789733887,4,4.523215352753054,2.1590912342071533,4,3.830621843185509,1.5664817094802856,4,5.061340017915037,2.7431037425994873,4,3.6429781806344788,1.424725890159607,4,0.0620933282499512,0.280345618724823,0
1084,standard,True,True,0.3067622184753418,0.002464825054630637,0.6485291123390198,0.27164140343666077,1.115715742111206,1.0122685432434082,0.0005635422421619296,0.00016429527022410184,0.009839928879713019,0.09383704064724346,0.0012204577321729933,0.038378267028989894,0.004043793719029054,0.11231933692470193,0.0002771467466421503,0.048799055519824226,FB_FB,0.8755241338008394,1.2621915340423584,0,7.73334800483038,un_FB,4.578636794925357,3.7031126611245178,FB -> FB,FB -> FB,-0.09383704064724346,-0.11231933692470193,-0.038378267028989894,-0.048799055519824226,True,True,True,True,0.0,0.09383704064724346,0.0,0.11231933692470193,0.0,0.038378267028989894,0.0,0.048799055519824226,FB -> FB,FB -> FB,4.703449273221729,2.1894569396972656,4,5.202120804898975,2.6881284713745117,4,4.660729293199256,2.243741750717163,4,5.670434524200148,3.1867623329162598,4,4.578636794925357,2.191969394683838,4,0.8755241338008394,1.2621915340423584,0
2132,standard,True,True,0.00012914066610392183,9.999999747378752e-05,1.3479070663452148,0.3308121860027313,1.2665125131607056,1.4476871490478516,0.7808018922805786,1.6166375875473022,0.01940418149655064,0.1055299974201868,0.0018641381602113446,0.02955798290980359,0.0077860922795177125,0.11253034225665033,0.00034459916435783573,0.034407656321612495,FB_FB,1.0546558897787084,1.4187078475952148,0,7.281039156330127,un_FB,4.600447555274392,3.5457916654956834,FB -> FB,FB -> FB,-0.1055299974201868,-0.11253034225665033,-0.02955798290980359,-0.034407656321612495,True,True,True,True,0.0,0.1055299974201868,0.0,0.11253034225665033,0.0,0.02955798290980359,0.0,0.034407656321612495,FB -> FB,FB -> FB,4.679200382030346,2.208374261856079,4,5.139209003246166,2.6683828830718994,4,4.618271997151896,2.243028402328491,4,5.7050961855141695,3.2454617023468018,4,4.600447555274392,2.2363955974578857,4,1.0546558897787084,1.4187078475952148,0
2110,standard,True,True,0.00011258926679147407,9.999999747378752e-05,2.0,0.4290287494659424,1.7988005876541138,0.7207704782485962,2.0,1.6775658130645752,0.03176903115042175,0.12809386680213114,0.00462515934680899,0.032765979506075384,0.013477350284423059,0.12897010175511242,0.004301724877829353,0.035244884178973736,FB_FB,1.400170614842015,1.8367822170257568,0,8.732232043674836,FF_FB_narrow_familiar,5.038419673320217,3.638249058478202,FB -> FB,FB -> FB,-0.09632483565170939,-0.12897010175511242,-0.032765979506075384,-0.035244884178973736,True,True,True,True,0.0,0.09632483565170939,0.0,0.12897010175511242,0.0,0.032765979506075384,0.0,0.035244884178973736,FB -> FB,FB -> FB,5.048184408441497,2.5294265747070312,4,5.454787983194304,2.936030149459839,4,5.038419673320217,2.6018080711364746,4,6.006706191521759,3.47441029548645,4,5.100644955240811,2.6504952907562256,4,1.400170614842015,1.8367822170257568,0
1114,standard,True,True,0.0025080563500523567,0.0007640633266419172,0.2229548990726471,0.4889216423034668,0.022898774594068527,0.06349606066942215,0.00011688872473314404,0.007466891780495644,0.033423843886703254,0.03619227008117984,0.07255910695530474,0.08071465610216061,0.031247018937331936,0.05075662380550057,0.07857551442769667,0.09070128203990559,FB_FB,1.7585166250200321,1.8436353206634521,0,1.7023739128684003,FF_FB_broad,3.858129377042254,2.099612752022222,FB -> FB,FB -> FB,-0.002768426194476585,-0.019509604868168634,-0.008155549146855873,-0.012125767612208918,True,True,True,True,0.0,0.002768426194476585,0.0,0.019509604868168634,0.0,0.008155549146855873,0.0,0.012125767612208918,FB -> FB,FB -> FB,3.858129377042254,1.76051664352417,4,4.081044788037738,1.9834320545196533,4,4.707166951335966,2.40728497505188,4,3.9225364453469713,1.808076024055481,4,4.813521980494261,2.4967923164367676,4,1.7585166250200321,1.8436353206634521,0
1417,standard,True,True,0.004392619244754314,0.042910877615213394,0.9223397970199585,0.620730996131897,0.00011627176718320698,0.9844369292259216,0.00012900489673484117,0.003943197894841433,0.1376682560890913,0.14538366422057153,0.00795896271398912,0.10343431771422426,0.0828293093945831,0.1539574925787747,0.005408763776843747,0.10712936182195941,FB_FB,2.8972871905503172,3.3761017322540283,0,9.576290834074218,FF_FB_broad,6.505450233832622,3.608163043282305,FB -> FB,FB -> FB,-0.0077154081314802225,-0.07112818318419159,-0.10343431771422426,-0.10712936182195941,True,True,True,True,0.0,0.0077154081314802225,0.0,0.07112818318419159,0.0,0.10343431771422426,0.0,0.10712936182195941,FB -> FB,FB -> FB,6.505450233832622,3.837712526321411,4,6.738219484702373,4.070481777191162,4,6.5167427432412905,3.922269582748413,4,7.4876725129938375,4.594598293304443,4,7.081454512911538,4.2616448402404785,4,2.8972871905503172,3.3761017322540283,0
422,standard,True,True,0.0010303747840225697,0.0013847100781276822,0.9515564441680908,0.21683478355407715,0.019540246576070786,0.02053123712539673,0.0011736241867765784,0.00010265637683914974,0.15416811776037018,0.15654394309967756,0.03878850865488251,0.04152539330534637,0.09465088099241256,0.16300833355635405,0.03029916180918614,0.04627238210911552,FB_FB,3.38106191707775,3.559948682785034,0,3.5777353141456847,FF_FB_broad,5.958124974835664,2.5770630577579143,FB -> FB,FB -> FB,-0.002375825339307386,-0.06835745256394149,-0.0027368846504638583,-0.015973220299929383,True,True,True,True,0.0,0.002375825339307386,0.0,0.06835745256394149,0.0,0.0027368846504638583,0.0,0.015973220299929383,FB -> FB,FB -> FB,5.958124974835664,3.6399364471435547,4,6.07237873421982,3.75419020652771,4,6.1640459059737625,3.8076820373535156,4,6.927695303068807,4.351170539855957,4,6.815207268142452,4.200507164001465,4,3.38106191707775,3.559948682785034,0
779,standard,True,True,0.019487636163830757,0.25089430809020996,0.21569715440273285,1.5245484113693237,0.9314526915550232,0.8386484384536743,0.00839767511934042,0.00019612583855632693,0.005375490029109642,0.026577034305470686,0.16230581002309918,0.2442825846374035,0.0038100123211431006,0.043722131242975595,0.1667234512977302,0.25449743357797466,FB_FB,4.882891583489254,5.262991428375244,0,7.601996897719801,FF_FB_narrow_novel,6.924833846045658,2.041942262556404,FB -> FB,FB -> FB,-0.026577034305470686,-0.043722131242975595,-0.0819767746143043,-0.08777398228024447,True,True,True,True,0.0,0.026577034305470686,0.0,0.043722131242975595,0.0,0.0819767746143043,0.0,0.08777398228024447,FB -> FB,FB -> FB,7.788557200704235,5.369208335876465,4,7.872593074117321,5.453244209289551,4,8.972357205126901,5.994949817657471,4,6.924833846045658,4.544734001159668,4,8.928258274449036,5.990099906921387,4,4.882891583489254,5.262991428375244,0
152,standard,True,True,0.16655296087265015,0.0011918994132429361,0.30057293176651,1.2393854856491089,0.31967893242836,0.00011262425687164068,0.00217722007073462,0.18983732163906097,0.034919258253648874,0.04883826648195585,0.2001714066291849,0.20301435322811207,0.01387611882140239,0.06367918954541286,0.206875180794547,0.2133565784121553,FB_FB,5.140072838993122,5.263917922973633,0,2.476901679610212,FF_FB_narrow_novel,6.219881701531509,1.0798088625383873,FB -> FB,FB -> FB,-0.013919008228306974,-0.06367918954541286,-0.0028429465989271707,-0.006481397617608298,True,True,True,True,0.0,0.013919008228306974,0.0,0.06367918954541286,0.0,0.0028429465989271707,0.0,0.006481397617608298,FB -> FB,FB -> FB,7.246513827114056,5.122668743133545,4,7.234063132076214,5.110218048095703,4,8.714967677773286,5.8770294189453125,4,6.219881701531509,4.076198101043701,4,8.78459896085163,5.926822185516357,4,5.140072838993122,5.263917922973633,0
762,standard,True,True,0.003677120665088296,0.00010626239236444235,0.1605292707681656,1.2759594917297363,0.1141931563615799,0.07129010558128357,0.3400905132293701,0.08639305830001831,0.015181727505599459,0.02825391259199629,0.19712942528227964,0.20775009791056315,0.018942416319623588,0.041833519206071895,0.20494285924360156,0.21774086685230334,FB_FB,5.1729565335592875,5.2599687576293945,0,1.740244481402139,FF_FB_narrow_novel,6.131191663614785,0.9582351300554972,FB -> FB,FB -> FB,-0.02825391259199629,-0.041833519206071895,-0.010620672628283506,-0.012798007608701784,True,True,True,True,0.0,0.02825391259199629,0.0,0.041833519206071895,0.0,0.010620672628283506,0.0,0.012798007608701784,FB -> FB,FB -> FB,7.229653205551828,5.12300443649292,4,7.224932040848459,5.118283271789551,4,8.674107966711745,5.863314628601074,4,6.131191663614785,4.044179439544678,4,8.672459626678998,5.881302833557129,4,5.1729565335592875,5.2599687576293945,0
990,standard,True,True,0.00018748185539152473,0.00015751784667372704,1.5835827589035034,0.08935242146253586,0.07529344409704208,0.013047079555690289,0.0010280978167429566,0.004708484280854464,0.2507514948646227,0.26052150055766105,0.028275856313606105,0.031580073696871595,0.12686420995742081,0.2451330792158842,0.013758755940943956,0.029597630305215717,FB_FB,5.565701619752993,5.837583065032959,0,5.4376289055993166,FF_FB_broad,8.435593783824395,2.869892164071402,FB -> FB,FB -> FB,-0.00977000569303832,-0.11826886925846339,-0.0033042173832654904,-0.029597630305215717,True,True,True,True,0.0,0.00977000569303832,0.0,0.11826886925846339,0.0,0.0033042173832654904,0.0,0.029597630305215717,FB -> FB,FB -> FB,8.435593783824395,5.937501430511475,4,8.492226779429863,5.994134426116943,4,8.498107966066648,6.015946388244629,4,9.568245302606375,6.618649959564209,4,9.370870835861812,6.437206268310547,4,5.565701619752993,5.837583065032959,0
1290,standard,True,True,0.0019280185224488378,0.0023145657032728195,0.17602002620697021,1.5450462102890015,0.0668659582734108,0.004944352898746729,0.0036139129661023617,0.30454695224761963,0.025003878927479187,0.03310209185195466,0.25394334097703297,0.2543272351225217,0.028302763402462006,0.04582961386380096,0.2613114825139443,0.264606650856634,FB_FB,6.677432817282776,6.736041069030762,0,1.1721650349597128,FF_FB_narrow_novel,7.453746068725983,0.7763132514432067,FB -> FB,FB -> FB,-0.008098212924475472,-0.017526850461338953,-0.0003838941454887279,-0.0032951683426896694,True,True,True,True,0.0,0.008098212924475472,0.0,0.017526850461338953,0.0,0.0003838941454887279,0.0,0.0032951683426896694,FB -> FB,FB -> FB,8.622897723255058,6.557683944702148,4,8.573335269031425,6.508121490478516,4,10.30973166146626,7.3140082359313965,4,7.453746068725983,5.388524532318115,4,10.34641058097283,7.350679397583008,4,6.677432817282776,6.736041069030762,0
690,standard,True,True,0.01272267010062933,0.002100446494296193,0.7343218326568604,1.900355339050293,1.2637792825698853,0.000868636358063668,0.07885909080505371,0.12598563730716705,0.011722649758060774,0.11208760316173236,0.28640701665232576,0.3029535673558712,0.00905805833172053,0.12937228921800853,0.2930264084289471,0.31360522788017986,FB_FB,7.5483531565715865,8.005523681640625,0,9.143410501380762,FF_FB_narrow_novel,9.338473358626167,1.790120202054581,FB -> FB,FB -> FB,-0.11208760316173236,-0.12937228921800853,-0.016546550703545437,-0.020578819451232744,True,True,True,True,0.0,0.11208760316173236,0.0,0.12937228921800853,0.0,0.016546550703545437,0.0,0.020578819451232744,FB -> FB,FB -> FB,10.481228983029723,7.997503757476807,4,10.48480955325067,8.001084327697754,4,12.295891788850227,8.753299713134766,4,9.338473358626167,6.881302833557129,4,12.285255820055802,8.769218444824219,4,7.5483531565715865,8.005523681640625,0
1,ff_un,False,False,0.5,0.5,1e-07,1e-07,0.1,0.1,0.1,0.1,0.06634491089110574,0.0023010159202385694,0.06877935865583519,0.0018400813307380304,0.010157623654231429,0.0011018847212350617,0.06322615266156693,0.0009451916218192006,FF_un,-0.27638559710855287,0.0,0,5.527711942171057,FF_FB_broad,0.35245109427099425,0.6288366913795471,FF -> unresponsive,FF -> FF,0.06634491089110574,0.0,0.06877935865583519,0.06322615266156693,True,False,True,True,0.06634491089110574,0.0,0.0,-0.0,0.06877935865583519,0.0,0.06322615266156693,0.0,FF -> unresponsive,FF -> FF,0.35245109427099425,0.6288366913795471,0,-0.27638559710855287,0.0,0,2.3756140377682944,1.3239775896072388,2,1.9989821398320298,1.6099880933761597,1,3.344863882443557,1.6278477907180786,3,4.412830932609116,1.9966179132461548,4
1658,ff_un,False,False,0.6337704658508301,0.5246917009353638,9.999999747378752e-05,9.999999747378752e-05,0.044150449335575104,0.05766609311103821,0.1567050665616989,0.10780797153711319,0.09667314644902944,0.002882195795730998,0.08016307041980326,0.0024741192367703966,0.016377302332936477,0.0012277658592211083,0.07219756587098042,0.001055915943773774,FF_un,0.1182838111417368,0.4835967719554901,0,7.306259216275066,FF_FB_broad,0.6774579017655924,0.5591740906238556,FF -> unresponsive,FF -> FF,0.09667314644902944,0.0,0.08016307041980326,0.07219756587098042,True,False,True,True,0.09667314644902944,0.0,0.0,-0.0,0.08016307041980326,0.0,0.07219756587098042,0.0,FF -> unresponsive,FF -> FF,0.6774579017655924,1.0427708625793457,0,0.1182838111417368,0.4835967719554901,0,2.691300843275773,1.6471712589263916,2,2.1793687931494787,1.7579891681671143,1,3.8934273127388828,2.062605142593384,3,4.874025490988667,2.35848331451416,4
1168,ff_un,False,False,0.2629750072956085,0.6141285300254822,1.2124449014663696,0.0021250725258141756,0.0004988748696632683,0.08157031983137131,0.0014578785048797727,0.00014872910105623305,0.04236468723975122,0.00325315913457113,0.09202679341348509,0.002664224273758009,0.009403419552836568,0.0016645847082448503,0.08867025626823306,0.0014064457597366224,FF_un,0.2669190835130091,0.5942357182502747,0,6.5463326947453115,FF_FB_broad,0.6119261454713221,0.345007061958313,FF -> unresponsive,FF -> FF,0.04236468723975122,0.0,0.09202679341348509,0.08867025626823306,True,False,True,True,0.04236468723975122,0.0,0.0,-0.0,0.09202679341348509,0.0,0.08867025626823306,0.0,FF -> unresponsive,FF -> FF,0.6119261454713221,0.9392427802085876,0,0.2669190835130091,0.5942357182502747,0,2.9873506218738233,1.7918790578842163,2,1.309740218698668,1.0675981044769287,1,3.6744036129287756,1.9094732999801636,3,4.685984930609508,2.223315954208374,4
1264,ff_un,False,False,0.19740229845046997,0.4884105920791626,0.021428605541586876,0.0006781492847949266,0.022544071078300476,0.012574456632137299,0.00011105983139714226,0.6981662511825562,0.029695505237517256,0.003603584395023063,0.07984489828037719,0.0029727703930499654,0.007104767071238408,0.0019373266298013429,0.07722059286509951,0.0016903040775408348,FF_un,0.3194832128395016,0.5787956714630127,0,5.186249172470221,FF_FB_broad,0.482247940908807,0.16276472806930542,FF -> unresponsive,FF -> FF,0.029695505237517256,0.0,0.07984489828037719,0.07722059286509951,True,False,True,True,0.029695505237517256,0.0,0.0,-0.0,0.07984489828037719,0.0,0.07722059286509951,0.0,FF -> unresponsive,FF -> FF,0.482247940908807,0.7415603995323181,0,0.3194832128395016,0.5787956714630127,0,2.7488012525175387,1.579851746559143,2,1.4310457046376541,1.1715761423110962,1,3.318064831313677,1.6303333044052124,3,4.377087383690135,1.9843082427978516,4
1440,ff_un,False,False,0.45736163854599,0.6824924945831299,0.0019919623155146837,0.0753849670290947,0.019082147628068924,0.0002402966929366812,0.015192072838544846,1.5369924306869507,0.07241167842100064,0.0036341365426778792,0.11448173044870297,0.002981034090043977,0.014087198465131224,0.0015589616989018396,0.10410790556731324,0.0012990585625326883,FF_un,0.4197488859761506,0.8735771179199219,0,9.076564638875425,FF_FB_broad,0.9229436949361116,0.5031948089599609,FF -> unresponsive,FF -> FF,0.07241167842100064,0.0,0.11448173044870297,0.10410790556731324,True,False,True,True,0.07241167842100064,0.0,0.0,-0.0,0.11448173044870297,0.0,0.10410790556731324,0.0,FF -> unresponsive,FF -> FF,0.9229436949361116,1.3767719268798828,0,0.4197488859761506,0.8735771179199219,0,3.4128535199755183,2.1923232078552246,2,1.4162792924015473,1.180460810661316,1,4.335260424623266,2.4250833988189697,3,5.268085731296257,2.6768550872802734,4
456,ff_un,False,False,0.743328869342804,0.4225151836872101,0.0072165681049227715,0.9303146004676819,0.0033729998394846916,0.00021976041898597032,0.2425713688135147,0.00012356869410723448,0.12144436643769344,0.003603977921496456,0.07237100986142954,0.0032526006146023673,0.021018537463775525,0.0013750229079353934,0.06298830209610363,0.0012539093566980833,FF_un,0.4247624946835761,0.7963327765464783,0,7.4314056372580435,FF_FB_broad,0.8921272231343512,0.46736472845077515,FF -> unresponsive,FF -> FF,0.12144436643769344,0.0,0.07237100986142954,0.06298830209610363,True,False,True,True,0.12144436643769344,0.0,0.0,-0.0,0.07237100986142954,0.0,0.06298830209610363,0.0,FF -> unresponsive,FF -> FF,0.8921272231343512,1.2636975049972534,0,0.4247624946835761,0.7963327765464783,0,2.653081034380011,1.6832140684127808,2,2.641079723408135,2.1268725395202637,1,4.065772739060534,2.2101283073425293,3,5.018298013388024,2.4816246032714844,4
736,ff_un,False,False,0.5791139006614685,0.22870922088623047,0.38745757937431335,0.15883496403694153,0.0009855941170826554,0.0005251343245618045,1.0468664169311523,0.881966769695282,0.0948329096660018,0.003724871121812612,0.03976164940589418,0.0033519132644869386,0.014703687466681003,0.001409621984930709,0.028051214874722064,0.0013212371763074771,FF_un,0.5678024243873854,0.7636865973472595,0,3.9176834591974816,FF_FB_broad,0.6768098425430555,0.10900741815567017,FF -> unresponsive,FF -> FF,0.0948329096660018,0.0,0.03976164940589418,0.028051214874722064,True,False,True,True,0.0948329096660018,0.0,0.0,-0.0,0.03976164940589418,0.0,0.028051214874722064,0.0,FF -> unresponsive,FF -> FF,0.6768098425430555,0.8726940155029297,0,0.5678024243873854,0.7636865973472595,0,1.8019800785618523,0.9266127943992615,2,2.9197502229673167,2.3363027572631836,1,3.1786205317514638,1.5239216089248657,3,4.2311277708252115,1.896044135093689,4
1581,ff_un,False,False,0.7094244956970215,0.8044968843460083,9.999999747378752e-05,0.0001496869808761403,0.10508380830287933,0.06247932091355324,0.15535981953144073,0.059104204177856445,0.10038262475281953,0.002370495698414743,0.12461217713231841,0.001838649629886883,0.01641895327872286,0.000986448584202056,0.11611199121301373,0.0008234220212519479,FF_un,0.6432699893446019,1.1926456689834595,0,10.987513592777152,FF_FB_broad,1.1842121814222386,0.5409421920776367,FF -> unresponsive,FF -> FF,0.10038262475281953,0.0,0.12461217713231841,0.11611199121301373,True,False,True,True,0.10038262475281953,0.0,0.0,-0.0,0.12461217713231841,0.0,0.11611199121301373,0.0,FF -> unresponsive,FF -> FF,1.1842121814222386,1.7335878610610962,0,0.6432699893446019,1.1926456689834595,0,3.707983245405679,2.494462251663208,2,1.741841904524093,1.4896870851516724,1,4.82098329931808,2.805931806564331,3,5.7374689986822585,3.0344555377960205,4
680,ff_un,False,False,0.7909495234489441,0.25218310952186584,0.00350804696790874,0.0001259944256162271,0.010313952341675758,0.00012733388575725257,0.002846995135769248,0.000438797491369769,0.12830623798072338,0.0035099264370122302,0.04455008488148451,0.0032680422921354574,0.022450003175375363,0.0013407848785088087,0.034987502824515106,0.0012807421104904886,FF_un,0.7663679831816504,1.0371556282043457,0,5.415752900453905,FF_FB_broad,1.0222221129729103,0.2558541297912599,FF -> unresponsive,FF -> FF,0.12830623798072338,0.0,0.04455008488148451,0.034987502824515106,True,False,True,True,0.12830623798072338,0.0,0.0,-0.0,0.04455008488148451,0.0,0.034987502824515106,0.0,FF -> unresponsive,FF -> FF,1.0222221129729103,1.2930097579956055,0,0.7663679831816504,1.0371556282043457,0,2.214382239912326,1.367019534111023,2,3.192675677795584,2.5502383708953857,1,3.7709092748506614,2.010321617126465,3,4.747064583341126,2.3052759170532227,4
864,ff_un,False,False,0.5022807717323303,1.1712645292282104,0.002454790286719799,1.1653587818145752,0.00010487479448784143,0.3037855327129364,0.001569933956488967,0.15740132331848145,0.07737351233760516,0.0021294660090158384,0.15303404045601685,0.0014891766380363454,0.015452122571878136,0.0009657006487638379,0.1457881586626172,0.0006126321299234405,FF_un,1.0557295904960484,1.6772167682647705,0,12.429743555374444,FF_FB_narrow_novel,1.3609923299557218,0.3052627394596734,FF -> unresponsive,FF -> FF,0.07737351233760516,0.0,0.15303404045601685,0.1457881586626172,True,False,True,True,0.07737351233760516,0.0,0.0,-0.0,0.15303404045601685,0.0,0.1457881586626172,0.0,FF -> unresponsive,FF -> FF,1.5291299448814244,2.1506171226501465,0,1.0557295904960484,1.6772167682647705,0,4.368776708732669,2.9949750900268555,2,1.3609923299557218,1.2729854583740234,1,5.274005497386679,3.1907098293304443,3,6.1690537367054885,3.3961520195007324,4
808,ff_un,False,False,0.9130614399909973,1.9716435670852661,0.5133287310600281,0.0017146319150924683,0.0020269243977963924,0.6681961417198181,1.9221224784851074,0.00843730941414833,0.13929022227724394,0.001069687648365895,0.2384931756183505,0.0006001478187196578,0.019177892866233986,0.00026542798829420157,0.19667965735619267,0.0002996401087633179,FF_un,2.214927159436047,3.2254974842071533,0,20.21140649542213,FF_FB_narrow_novel,2.688613078681131,0.4736859192450842,FF -> unresponsive,FF -> FF,0.13929022227724394,0.0,0.2384931756183505,0.19667965735619267,True,False,True,True,0.13929022227724394,0.0,0.0,-0.0,0.2384931756183505,0.0,0.19667965735619267,0.0,FF -> unresponsive,FF -> FF,2.7251240836456416,3.735694408416748,0,2.214927159436047,3.2254974842071533,0,6.061837353867789,4.531716346740723,2,2.688613078681131,2.7420225143432617,1,7.289991475703816,4.802709579467773,3,8.128119343899016,4.94530725479126,4
568,ff_un,False,False,1.580310344696045,1.6439008712768555,0.004518899135291576,0.08128967136144638,0.6767527461051941,0.0030439167749136686,0.0009571099071763456,0.01518251746892929,0.16534129837527872,0.0008953554851662678,0.2643139651666085,0.00034734217007705107,0.02000749035117527,0.00036534009535292474,0.24364167588452498,0.0003592729118584733,FF_un,2.8105328801088034,4.017111778259277,0,24.131577963009477,FF_FB_broad,3.3172796490602194,0.506746768951416,FF -> unresponsive,FF -> FF,0.16534129837527872,0.0,0.2643139651666085,0.24364167588452498,True,False,True,True,0.16534129837527872,0.0,0.0,-0.0,0.2643139651666085,0.0,0.24364167588452498,0.0,FF -> unresponsive,FF -> FF,3.3172796490602194,4.523858547210693,0,2.8105328801088034,4.017111778259277,0,6.946504118324568,5.321260452270508,2,3.3275023884139956,3.4727160930633545,1,8.289301463620117,5.602692604064941,3,9.108127615000285,5.7254533767700195,4
